Nº,Deputado(a),Nome completo,Partido,Número,Gênero,Cor/raça,Idade em 04/10/2026,Ocupação,Instrução,Naturalidade,Contas atualizadas em,Receita líquida,De partidos,De pessoas físicas,De outros candidatos,Recursos próprios,Financiamento coletivo,Pela internet,Aplicações e outras,% da receita vinda de partidos,Recursos estimáveis (incluídos na receita),Despesas totais,Despesas contratadas,Doações a outros candidatos,Despesas pagas,Contratado e não pago,Despesas totais ÷ limite legal,Saldo (receita − despesas totais),Doadores (nº),Fornecedores (nº),Lançamentos de despesa,Maior doador,Valor do maior doador,Maior fornecedor,Valor do maior fornecedor,Principal tipo de despesa,% do principal tipo,Nº de controle da prestação,Resultado na eleição
1,ADÃO PRETTO,ADÃO PRETTO FILHO,PT,13655,Masculino,Branca,39.0,Deputado,Superior Completo,RS-Tenente Portela,2026-10-06,345500.0,265500.0,40000.0,40000.0,0.0,0.0,0.0,0.0,0.768452,44500.0,301000.0,301000.0,0.0,301000.0,0.0,0.236891,44500.0,10.0,51.0,91.0,DIREÇÃO NACIONAL - PT,265500.0,BRUNO BECKER SCHNEIDER,50846.37,SERVIÇOS PRESTADOS POR TERCEIROS,0.284053,136550700000RS7558354,Eleito por QP
2,ADRI CHERINI,ADRIANE CERINI,PL,22222,Feminino,Branca,54.0,Relações-Públicas,Superior Completo,RS-Soledade,2026-09-29,866000.0,610000.0,162000.0,94000.0,0.0,0.0,0.0,0.0,0.704388,0.0,831745.98,831745.98,0.0,769795.98,61950.0,0.654594,34254.02,13.0,114.0,208.0,DIREÇÃO NACIONAL - PL,540000.0,FACEBOOK SERVICOS ONLINE DO BRASIL LTDA.,251000.0,DESPESA COM IMPULSIONAMENTO DE CONTEÚDOS,0.301775,222220700000RS0447166,Eleito por QP
3,ADRIANA LARA,ADRIANA VIEIRA LARA,PL,22789,Feminino,Branca,57.0,Deputado,Superior Completo,RS-Bagé,2026-10-03,1190000.0,1140000.0,6850.0,0.0,43150.0,0.0,0.0,0.0,0.957983,5600.0,1179612.45,1179612.45,0.0,1177472.45,2140.0,0.928369,10387.55,7.0,240.0,457.0,DIREÇÃO NACIONAL - PL,1140000.0,JULIANO LONGARAY RODRIGUES,161905.0,ATIVIDADES DE MILITÂNCIA E MOBILIZAÇÃO DE RUA,0.640591,227890700000RS5467982,Eleito por média
4,ALI KLEMT,ALINE LEAL FONTANELLA KLEMT,PL,22800,Feminino,Branca,47.0,Empresário,Superior Completo,RS-Porto Alegre,2026-09-13,527500.0,450000.0,77500.0,0.0,0.0,0.0,0.0,0.0,0.853081,0.0,316961.4,316961.4,0.0,276061.4,40900.0,0.249452,210538.6,116.0,4.0,12.0,DIREÇÃO NACIONAL - PL,450000.0,"PROPOSITO ASSESSORIA, CONSULTORIA E ESTRATEGIA INSTITUCIONAL LTDA",166000.0,SERVIÇOS PRESTADOS POR TERCEIROS,0.965417,228000700000RS2160396,Eleito por média
5,BETO FANTINEL,ROBERTO FANTINEL,MDB,15500,Masculino,Branca,39.0,Cientista Político,Superior Completo,RS-Dona Francisca,2026-10-01,501255.0,250000.0,193555.0,0.0,50000.0,7700.0,0.0,0.0,0.498748,0.0,457932.72,457932.72,0.0,187895.87,270036.85,0.360398,43322.28,89.0,21.0,199.0,DIREÇÃO NACIONAL - MDB,250000.0,NOSCHANG ARTES GRAFICAS LTDA,172131.4,PUBLICIDADE POR MATERIAIS IMPRESSOS,0.524543,155000700000RS7730969,Eleito por QP
6,BRUNA MOLZ,BRUNA JEANINE MOLZ NOAL,Podemos,20510,Feminino,Branca,36.0,Vereador,Superior Completo,RS-Santa Cruz Do Sul,2026-09-13,708760.29,662260.29,40000.0,0.0,6500.0,0.0,0.0,0.0,0.934392,226.29,102178.08,102178.08,0.0,78863.2,23314.88,0.080415,606582.21,4.0,19.0,35.0,DIREÇÃO NACIONAL - PODE,662034.0,FACEBOOK SERVICOS ONLINE DO BRASIL LTDA.,21500.0,ATIVIDADES DE MILITÂNCIA E MOBILIZAÇÃO DE RUA,0.239777,205100700000RS0543689,Eleito por QP
7,CAPITÃO MARTIM,MARTIM TODESCO ADREANI,Republicanos,10122,Masculino,Branca,39.0,Membro das Forças Armadas,Superior Completo,RS-Porto Alegre,2026-10-01,489850.0,270000.0,95850.0,0.0,124000.0,0.0,0.0,0.0,0.551189,17400.0,391814.0,391814.0,0.0,391814.0,0.0,0.308362,98036.0,18.0,6.0,50.0,DIREÇÃO NACIONAL - REPUBLICANOS,250000.0,DLOCAL BRASIL INSTITUICAO DE PAGAMENTO S.A.,210000.0,DESPESA COM IMPULSIONAMENTO DE CONTEÚDOS,0.587013,101220700000RS0215657,Eleito por QP
8,CLÁUDIO TATSCH,CLÁUDIO GILNEI TATSCH,PL,22034,Masculino,Branca,52.0,Deputado,Superior Completo,RS-Rio Pardo,2026-09-29,562300.0,500000.0,22300.0,40000.0,0.0,0.0,0.0,0.0,0.889205,0.0,430401.35,430401.35,0.0,367211.81,63189.54,0.338731,131898.65,6.0,54.0,104.0,DIREÇÃO NACIONAL - PL,500000.0,GRAFICA JACUI LTDA,120274.0,PUBLICIDADE POR MATERIAIS IMPRESSOS,0.333967,220340700000RS1129910,Eleito por QP
9,COMANDANTE NÁDIA,NADIA RODRIGUES SILVEIRA GERHARD,PL,22190,Feminino,Branca,58.0,Vereador,Superior Completo,RS-Porto Alegre,2026-09-27,1329821.12,1140000.0,176397.22,11720.0,0.0,1703.9,0.0,0.0,0.857258,74400.0,666270.25,625270.25,41000.0,313661.22,311609.03,0.524363,663550.87,56.0,82.0,126.0,DIREÇÃO NACIONAL - PL,1120000.0,ANS IMPRESSOES GRAFICAS LTDA.,154900.64,DESPESAS COM PESSOAL,0.40843,221900700000RS4599661,Eleito por QP
10,DAIANE MELLO,DAIANE MELLO,PL,22522,Feminino,Branca,39.0,Relações-Públicas,Superior Completo,RS-Caxias Do Sul,2026-09-13,316900.0,300000.0,16900.0,0.0,0.0,0.0,0.0,0.0,0.946671,16900.0,34392.0,34392.0,0.0,30892.0,3500.0,0.027067,282508.0,7.0,9.0,18.0,DIREÇÃO NACIONAL - PL,300000.0,FACEBOOK SERVICOS ONLINE DO BRASIL LTDA.,10000.0,PUBLICIDADE POR MATERIAIS IMPRESSOS,0.452373,225220700000RS0761870,Eleito por QP
11,DELEGADA ANA TAROUCO,ANA LUIZA MOURA TAROUCO,PSD,55222,Feminino,Branca,46.0,Servidor Público Estadual,Superior Completo,RS-Sant'ana Do Livramento,2026-10-01,975500.0,900000.0,25500.0,50000.0,0.0,0.0,0.0,0.0,0.922604,0.0,362313.82,362313.82,0.0,362313.82,0.0,0.285145,613186.18,9.0,140.0,251.0,DIREÇÃO NACIONAL - PSD,900000.0,FR PUBLICIDADE LTDA,107380.0,PUBLICIDADE POR MATERIAIS IMPRESSOS,0.422715,552220700000RS2330066,Eleito por QP
12,DELEGADA NADINE,NADINE TAGLIARI FARIAS ANFLOR,PSD,55444,Feminino,Branca,50.0,Policial Civil,Superior Completo,RS-Getúlio Vargas,2026-10-02,1038570.0,900000.0,76570.0,60000.0,0.0,0.0,2000.0,0.0,0.866576,0.0,498512.5,498512.5,0.0,427012.5,71500.0,0.392335,540057.5,33.0,81.0,127.0,DIREÇÃO NACIONAL - PSD,900000.0,1000 IMPRESSOES LTDA,87892.5,DIVERSAS A ESPECIFICAR,0.500113,554440700000RS0709902,Eleito por QP
13,DELEGADO ZUCCO,RODRIGO LORENZINI ZUCCO,Republicanos,10222,Masculino,Branca,55.0,Policial Civil,Superior Completo,RS-Alegrete,2026-10-05,837510.0,280000.0,210000.0,284000.0,63435.0,75.0,0.0,0.0,0.334324,0.0,705198.68,665698.68,39500.0,610298.68,55400.0,0.555,132311.32,18.0,18.0,101.0,RONALDO NOGUEIRA DE OLIVEIRA,274000.0,FACEBOOK SERVICOS ONLINE DO BRASIL LTDA.,201882.5,PUBLICIDADE POR MATERIAIS IMPRESSOS,0.389055,102220700000RS4619452,Eleito por QP
14,DIEGO PICUCHA,DIEGO DAL PIVA DA LUZ,PDT,12900,Masculino,Branca,40.0,Comerciante,Superior Completo,RS-Sapiranga,2026-10-05,421600.0,100000.0,121600.0,200000.0,0.0,0.0,0.0,0.0,0.237192,13000.0,467878.0,467878.0,0.0,371778.0,96100.0,0.368225,-46278.0,21.0,31.0,72.0,AFONSO ANTUNES DA MOTTA,100000.0,GRAFICA B & L LTDA,163660.0,PUBLICIDADE POR MATERIAIS IMPRESSOS,0.634625,129000700000RS2890895,Eleito por QP
15,DIMAS COSTA,DIMAS SOUZA DA COSTA,PSD,55456,Masculino,Branca,45.0,Ocupante de Cargo em Comissão,Superior Completo,RS-Gravataí,2026-10-02,537500.0,367200.0,90300.0,80000.0,0.0,0.0,0.0,0.0,0.683163,11200.0,346948.12,346948.12,0.0,241508.0,105440.12,0.273052,190551.88,20.0,16.0,41.0,DIREÇÃO NACIONAL - PSD,360000.0,RAIZLER INDUSTRIA GRAFICA PROMOCIONAL LTDA,80260.0,PUBLICIDADE POR MATERIAIS IMPRESSOS,0.480859,554560700000RS4057169,Eleito por QP
16,DIRCEU FRANCISCON,DIRCEU FRANCISCON,União,44444,Masculino,Branca,62.0,Deputado,Superior Completo,RS-Arvorezinha,2026-10-03,440806.41,390334.16,2850.0,47622.25,0.0,0.0,0.0,0.0,0.8855,21326.41,416944.51,416944.51,0.0,414159.73,2784.78,0.32814,23861.9,5.0,62.0,115.0,DIREÇÃO NACIONAL - UNIÃO,386640.0,GRAFICA E EDITORA SAGRADA FAMILIA LTDA,155985.2,PUBLICIDADE POR MATERIAIS IMPRESSOS,0.411333,444440700000RS2775116,Eleito por QP
17,EDIVILSON BRUM,EDIVILSON MEURER BRUM,MDB,15200,Masculino,Branca,57.0,Comerciante,Superior Completo,RS-Rio Pardo,2026-10-06,507855.28,23770.19,450185.09,20000.0,13900.0,0.0,0.0,0.0,0.046805,3770.19,137648.28,137648.28,0.0,105038.28,32610.0,0.108331,370207.0,75.0,18.0,26.0,JOSE CARLOS BORGES DA SILVEIRA JUNIOR,31435.09,G BENEFICIAMENTO E COMERCIO DE TECIDOS LTDA,39870.0,PUBLICIDADE POR MATERIAIS IMPRESSOS,0.546356,152000700000RS3157483,Eleito por QP
18,EDUARDO LOUREIRO,EDUARDO DEBACCO LOUREIRO,PDT,12412,Masculino,Branca,52.0,Administrador,Superior Completo,RS-Santo Ângelo,2026-10-02,634000.0,250000.0,90500.0,290000.0,3500.0,0.0,0.0,0.0,0.394322,3500.0,632888.51,632888.51,0.0,373205.57,259682.94,0.498091,1111.49,7.0,147.0,182.0,DIREÇÃO NACIONAL - PDT,250000.0,SPEED PROMOCIONAL INDUSTRIA DE BRINDES LTDA,29285.0,DESPESAS COM PESSOAL,0.767908,124120700000RS0396936,Eleito por QP
19,ELIZANDRO SABINO,ELIZANDRO SILVA DE FREITAS SABINO,Republicanos,10777,Masculino,Branca,49.0,Advogado,Superior Completo,RJ-São Gonçalo,2026-09-30,554500.0,280000.0,24500.0,250000.0,0.0,0.0,0.0,0.0,0.504959,0.0,486613.6,486613.6,0.0,445963.6,40650.0,0.382971,67886.4,6.0,110.0,137.0,DIREÇÃO NACIONAL - REPUBLICANOS,250000.0,FASTER AGENCIA DE CORREIOS FRANQUEADA LTDA,35141.6,ATIVIDADES DE MILITÂNCIA E MOBILIZAÇÃO DE RUA,0.731998,107770700000RS0390353,Eleito por QP
20,GILMAR SOSSELLA,GILMAR SOSSELLA,PDT,12333,Masculino,Branca,65.0,Deputado,Superior Completo,RS-Tapejara,2026-10-06,592545.63,285000.0,182545.63,80000.0,45000.0,0.0,0.0,0.0,0.480976,0.0,588762.22,588762.22,0.0,540851.02,47911.2,0.463363,3783.41,23.0,197.0,263.0,DIREÇÃO NACIONAL - PDT,285000.0,CROMO GRAFICA E EDITORA LTDA,23911.2,DESPESAS COM PESSOAL,0.832254,123330700000RS6556593,Eleito por média
21,GIO KRUG,GIORDANI KRUG CAMPOS RAMOS,PSD,55190,Masculino,Parda,40.0,Policial Militar,Superior Completo,RS-Passo Fundo,2026-10-03,150521.3,150521.3,0.0,0.0,0.0,0.0,0.0,0.0,1.0,4521.3,136995.8,136995.8,0.0,136995.8,0.0,0.107817,13525.5,3.0,28.0,68.0,DIREÇÃO NACIONAL - PSD,146000.0,VISUALARTES C.V LTDA,48600.0,PUBLICIDADE POR MATERIAIS IMPRESSOS,0.582665,551900700000RS2576803,Eleito por QP
22,GUILHERME PASIN,GUILHERME RECH PASIN,PP,11333,Masculino,Branca,43.0,Deputado,Superior Completo,RS-Bento Gonçalves,2026-10-01,1261002.64,1196002.64,65000.0,0.0,0.0,0.0,0.0,0.0,0.948454,0.0,419058.64,419058.64,0.0,376558.64,42500.0,0.329804,841944.0,9.0,47.0,82.0,DIREÇÃO NACIONAL - PP,1196002.64,ANS IMPRESSOES GRAFICAS LTDA.,122575.64,PUBLICIDADE POR MATERIAIS IMPRESSOS,0.467767,113330700000RS0264687,Eleito por QP
23,HALLEY,HALLEY LINO DE SOUZA,PT,13111,Masculino,Branca,50.0,Deputado,Superior Completo,RS-Rio Grande,2026-10-04,605719.08,265500.0,300544.08,13675.0,26000.0,0.0,0.0,0.0,0.438322,130134.57,477144.77,468144.77,9000.0,465477.47,2667.3,0.375519,128574.31,74.0,85.0,156.0,DIREÇÃO NACIONAL - PT,265500.0,TW7 COMUNICACOES LTDA,65400.0,ATIVIDADES DE MILITÂNCIA E MOBILIZAÇÃO DE RUA,0.389281,131110700000RS4461104,Eleito por QP
24,HUMBERTO MATOS,HUMBERTO MATOS DE OLIVEIRA,PCdoB,65065,Masculino,Branca,44.0,Professor de Ensino Fundamental,Superior Completo,RS-Porto Alegre,2026-10-05,511455.57,230000.0,16050.0,24547.5,0.0,240858.07,0.0,0.0,0.449697,37417.5,460509.64,460509.64,0.0,439007.85,21501.79,0.362427,50945.93,14.0,127.0,377.0,FINANCIAMENTO COLETIVO,240858.07,FACEBOOK SERVICOS ONLINE DO BRASIL LTDA.,81000.0,ATIVIDADES DE MILITÂNCIA E MOBILIZAÇÃO DE RUA,0.315481,650650700000RS2574405,Eleito por QP
25,JEFERSON FERNANDES,JEFERSON OLIVEIRA FERNANDES,PT,13120,Masculino,Branca,55.0,Deputado,Superior Completo,RS-Santo Ângelo,2026-10-02,501300.0,265500.0,111100.0,82500.0,38000.0,4200.0,0.0,0.0,0.529623,46500.0,377284.98,377284.98,0.0,316348.48,60936.5,0.296928,124015.02,72.0,129.0,171.0,DIREÇÃO NACIONAL - PT,265500.0,FACEBOOK SERVICOS ONLINE DO BRASIL LTDA.,45000.0,ATIVIDADES DE MILITÂNCIA E MOBILIZAÇÃO DE RUA,0.487319,131200700000RS2834204,Eleito por QP
26,JOEL WILHELM,JOEL LEANDRO WILHELM,PP,11000,Masculino,Branca,48.0,Representante Comercial,Superior Completo,RS-Taquara,2026-10-01,1195738.29,1034238.29,160500.0,0.0,1000.0,0.0,0.0,0.0,0.864937,0.0,749253.32,749253.32,0.0,736738.32,12515.0,0.589671,446484.97,11.0,127.0,255.0,DIREÇÃO NACIONAL - PP,1034238.29,ANS IMPRESSOES GRAFICAS LTDA.,172627.57,PUBLICIDADE POR MATERIAIS IMPRESSOS,0.439154,110000700000RS2167185,Eleito por QP
27,JUNIOR FOX,CARLOS ALBERTO MILGAREJO PEREIRA JUNIOR,PL,22011,Masculino,Branca,41.0,Empresário,Ensino Médio Completo,RS-Pelotas,2026-10-05,281825.0,200000.0,81825.0,0.0,0.0,0.0,0.0,0.0,0.70966,6125.0,191829.01,191829.01,0.0,151681.37,40147.64,0.150972,89995.99,8.0,66.0,106.0,DIREÇÃO NACIONAL - PL,200000.0,GRAFICA LAJEADENSE LTDA,28320.0,DESPESAS COM PESSOAL,0.295305,220110700000RS1114606,Eleito por QP
28,KAREN SANTOS,KAREN MORAIS DOS SANTOS,PSOL,50555,Feminino,Preta,37.0,Vereador,Superior Completo,RS-Porto Alegre,2026-10-06,830290.69,714270.74,110849.95,0.0,3000.0,2170.0,0.0,0.0,0.860266,60423.63,496327.03,496327.03,0.0,341677.03,154650.0,0.390615,333963.66,26.0,121.0,148.0,DIREÇÃO NACIONAL - PSOL,653847.11,FACEBOOK SERVICOS ONLINE DO BRASIL LTDA.,48000.0,ATIVIDADES DE MILITÂNCIA E MOBILIZAÇÃO DE RUA,0.502119,505550700000RS0779751,Eleito por média
29,KELLY MORAES,NEIVA TERESINHA MARQUES,PL,22214,Feminino,Branca,63.0,Deputado,Ensino Médio Completo,RS-São Leopoldo,2026-09-11,1270000.0,1270000.0,0.0,0.0,0.0,0.0,0.0,0.0,1.0,0.0,139006.36,139006.36,0.0,114806.36,24200.0,0.1094,1130993.64,1.0,59.0,64.0,DIREÇÃO NACIONAL - PL,1270000.0,DENIA ALICE BRUM,10000.0,ATIVIDADES DE MILITÂNCIA E MOBILIZAÇÃO DE RUA,0.441347,222140700000RS0165843,Eleito por QP
30,LEONEL RADDE,LEONEL GUTERRES RADDE,PT,13007,Masculino,Branca,45.0,Deputado,Superior Completo,RS-Porto Alegre,2026-10-04,306913.8,250000.0,46103.2,0.0,0.0,10810.6,0.0,0.0,0.814561,14000.0,207840.0,207840.0,0.0,148678.0,59162.0,0.163573,99073.8,259.0,52.0,124.0,DIREÇÃO NACIONAL - PT,250000.0,ANTONIO CARLOS DE LIMA,76896.0,PUBLICIDADE POR MATERIAIS IMPRESSOS,0.403447,130070700000RS8221057,Eleito por QP
31,LUCIANA GENRO,LUCIANA KREBS GENRO,PSOL,50000,Feminino,Branca,55.0,Deputado,Superior Completo,RS-Porto Alegre,2026-10-04,1219435.12,1191735.12,14700.0,0.0,13000.0,0.0,0.0,0.0,0.977285,98151.39,981230.78,981230.78,0.0,981230.78,0.0,0.77224,238204.34,12.0,206.0,981.0,DIREÇÃO NACIONAL - PSOL,1095783.73,FACEBOOK SERVICOS ONLINE DO BRASIL LTDA.,223100.0,ATIVIDADES DE MILITÂNCIA E MOBILIZAÇÃO DE RUA,0.584072,500000700000RS1976789,Eleito por QP
32,LUCIANO SILVEIRA,LUCIANO DA SILVA SILVEIRA,MDB,15000,Masculino,Branca,48.0,Deputado,Superior Completo,RS-Osório,2026-10-02,999000.0,650000.0,334000.0,0.0,15000.0,0.0,0.0,0.0,0.650651,0.0,223935.94,223935.94,0.0,195189.0,28746.94,0.17624,775064.06,8.0,10.0,58.0,DIREÇÃO NACIONAL - MDB,650000.0,FACEBOOK SERVICOS ONLINE DO BRASIL LTDA.,69000.0,PUBLICIDADE POR MATERIAIS IMPRESSOS,0.470175,150000700000RS3189412,Eleito por QP
33,LUÍS FERNANDO PIRES,LUÍS FERNANDO CAVALHEIRO PIRES,PP,11522,Masculino,Branca,38.0,Advogado,Superior Completo,RS-São Luiz Gonzaga,2026-10-03,576751.76,300000.0,265751.76,0.0,11000.0,0.0,0.0,0.0,0.520154,0.0,447593.58,447593.58,0.0,386883.58,60710.0,0.352261,129158.18,38.0,79.0,167.0,DIREÇÃO NACIONAL - PP,300000.0,CRITERIO COMUNICACAO LTDA,100000.0,DIVERSAS A ESPECIFICAR,0.26815,115220700000RS4478835,Eleito por QP
34,MARCELO ARRUDA,MARCELO ARRUDA,PSD,55755,Masculino,Branca,43.0,Empresário,Superior Completo,PR-Clevelândia,2026-10-04,463542.3,256921.3,16621.0,70000.0,120000.0,0.0,0.0,0.0,0.554256,8542.3,282356.86,282356.86,0.0,170787.61,111569.25,0.222218,181185.44,8.0,32.0,63.0,DIREÇÃO NACIONAL - PSD,250000.0,VGRAF IMPRESSOS E EMBALAGENS LTDA,70490.0,PUBLICIDADE POR MATERIAIS IMPRESSOS,0.561913,557550700000RS4712867,Eleito por QP
35,MARCUS VINÍCIUS,MARCUS VINÍCIUS VIEIRA DE ALMEIDA,PP,11211,Masculino,Branca,43.0,Deputado,Superior Completo,RS-Tapes,2026-10-03,1001208.15,612702.13,317900.0,40606.02,30000.0,0.0,0.0,0.0,0.611963,5000.0,719586.31,719586.31,0.0,484935.22,234651.09,0.566323,281621.84,34.0,240.0,372.0,DIREÇÃO NACIONAL - PP,562702.13,EDITORA SCHUCH LTDA,53770.0,DESPESAS COM PESSOAL,0.53135,112110700000RS3794835,Eleito por QP
36,MATHEUS GOMES,MATHEUS PEREIRA GOMES,PSOL,50123,Masculino,Preta,35.0,Deputado,Superior Completo,RS-Porto Alegre,2026-10-03,1263340.14,1175735.14,87550.0,0.0,0.0,55.0,0.0,0.0,0.930656,96751.41,549430.69,549430.69,0.0,549430.69,0.0,0.432408,713909.45,15.0,130.0,270.0,DIREÇÃO NACIONAL - PSOL,1080783.73,ALZIMERI O. FERNANDES & ANTONIO CARLOS LIMA DE OLIVEIRA LTDA,124263.0,PUBLICIDADE POR MATERIAIS IMPRESSOS,0.430304,501230700000RS5449832,Eleito por QP
37,MIGUEL ROSSETTO,MIGUEL SOLDATELLI ROSSETTO,PT,13000,Masculino,Branca,66.0,Deputado,Superior Completo,RS-São Leopoldo,2026-10-03,543048.26,265500.0,218478.26,55000.0,0.0,4070.0,0.0,0.0,0.488907,15500.0,347550.01,347550.01,0.0,271860.01,75690.0,0.273526,195498.25,132.0,91.0,108.0,DIREÇÃO NACIONAL - PT,265500.0,FACEBOOK SERVICOS ONLINE DO BRASIL LTDA.,35000.0,ATIVIDADES DE MILITÂNCIA E MOBILIZAÇÃO DE RUA,0.374723,130000700000RS2211340,Eleito por média
38,MOISÉS BARBOZA,MOISES DA SILVA BARBOZA,PSDB,45900,Masculino,Branca,48.0,Vereador,Superior Completo,RS-São Borja,2026-10-05,363560.0,300000.0,57800.0,0.0,5000.0,760.0,0.0,0.0,0.825173,0.0,77259.8,77259.8,0.0,75459.8,1800.0,0.060804,286300.2,38.0,5.0,18.0,DIREÇÃO NACIONAL - PSDB,300000.0,FACEBOOK SERVICOS ONLINE DO BRASIL LTDA.,36000.0,DESPESA COM IMPULSIONAMENTO DE CONTEÚDOS,0.46596,459000700000RS4637794,Eleito por QP
39,NATASHA,NATASHA NARCISO FERREIRA,PT,13100,Feminino,Branca,38.0,Vereador,Ensino Médio Completo,RS-Sapiranga,2026-09-30,387843.29,370414.29,6800.0,0.0,4949.0,5680.0,0.0,0.0,0.955062,25449.0,279083.85,279083.85,0.0,259460.85,19623.0,0.219642,108759.44,7.0,35.0,65.0,DIREÇÃO NACIONAL - PT,370414.29,FACEBOOK SERVICOS ONLINE DO BRASIL LTDA.,90000.0,DESPESA COM IMPULSIONAMENTO DE CONTEÚDOS,0.322484,131000700000RS4138573,Eleito por QP
40,NICOLE WEBER COVATTI,NICOLE GARSKE WEBER COVATTI,PP,11011,Feminino,Branca,38.0,Vereador,Superior Completo,RS-Cachoeira Do Sul,2026-09-10,1270000.0,1265000.0,0.0,0.0,5000.0,0.0,0.0,0.0,0.996063,0.0,493960.35,493960.35,0.0,493960.35,0.0,0.388753,776039.65,2.0,150.0,180.0,DIREÇÃO NACIONAL - PP,1265000.0,GRAFICA E EDITORA COMUNICACAO IMPRESSA LTDA,98890.0,PUBLICIDADE POR MATERIAIS IMPRESSOS,0.289412,110110700000RS0818493,Eleito por QP
41,PAPARICO BACCHI,EDERILDO PAPARICO BACCHI,PL,22212,Masculino,Branca,55.0,Produtor Agropecuário,Superior Completo,RS-São João Da Urtiga,2026-10-06,897007.43,790000.0,37000.0,15000.0,55000.0,0.0,0.0,7.43,0.880706,20000.0,966291.7,966291.7,0.0,877007.42,89284.28,0.760483,-69284.27,9.0,82.0,196.0,DIREÇÃO NACIONAL - PL,790000.0,LUIS GUSTAVO BERNICKER,250630.0,PUBLICIDADE POR MATERIAIS IMPRESSOS,0.466508,222120700000RS5813834,Eleito por QP
42,PEPE VARGAS,GILBERTO JOSÉ SPIER VARGAS,PT,13001,Masculino,Branca,67.0,Deputado,Superior Completo,RS-Nova Petrópolis,2026-10-02,413450.0,265500.0,58590.0,74000.0,10000.0,5360.0,0.0,0.0,0.642157,39190.0,367948.68,367948.68,0.0,336471.43,31477.25,0.28958,45501.32,23.0,51.0,93.0,DIREÇÃO NACIONAL - PT,265500.0,FACEBOOK SERVICOS ONLINE DO BRASIL LTDA.,114000.0,DESPESA COM IMPULSIONAMENTO DE CONTEÚDOS,0.309826,130010700000RS0110701,Eleito por QP
43,PROFESSOR CLÁUDIO BRANCHIERI,CLAUDIO MAXIMILIANO BRANCHIERI,PL,22777,Masculino,Branca,55.0,Economista,Superior Completo,RS-Caxias Do Sul,2026-09-24,1312036.63,1270000.0,28000.0,14000.0,0.0,0.0,0.0,36.63,0.967961,0.0,1084354.37,1062854.37,21500.0,965425.37,97429.0,0.8534,227682.26,8.0,170.0,277.0,DIREÇÃO NACIONAL - PL,1270000.0,FACEBOOK SERVICOS ONLINE DO BRASIL LTDA.,200000.0,ATIVIDADES DE MILITÂNCIA E MOBILIZAÇÃO DE RUA,0.281029,227770700000RS0297129,Eleito por QP
44,RAFAEL BRAGA,RAFAEL BRAGA LIBRELOTTO,MDB,15015,Masculino,Branca,46.0,Advogado,Superior Completo,RS-Cruz Alta,2026-10-02,298784.19,65984.19,184800.0,0.0,48000.0,0.0,0.0,0.0,0.220842,5984.19,277194.95,277194.95,0.0,277194.95,0.0,0.218156,21589.24,27.0,40.0,109.0,RAFAEL BRAGA LIBRELOTTO,48000.0,GRAFICA E EDITORA IBIRUBA LTDA,88460.0,PUBLICIDADE POR MATERIAIS IMPRESSOS,0.437544,150150700000RS5331519,Eleito por QP
45,RAMIRO ROSÁRIO,RAMIRO STALLBAUM ROSÁRIO,Novo,30000,Masculino,Branca,40.0,Vereador,Superior Completo,RS-Porto Alegre,2026-10-03,744895.74,411238.24,163205.0,170452.5,0.0,0.0,0.0,0.0,0.552075,95690.74,445843.91,279343.91,166500.0,198120.2,81223.71,0.350884,299051.83,62.0,41.0,108.0,DIREÇÃO NACIONAL - NOVO,349000.0,GRAFICA R J R LTDA,62815.5,DOAÇÕES FINANCEIRAS A OUTROS CANDIDATOS/PARTIDOS,0.373449,300000700000RS3537542,Eleito por QP
46,ROBERTO LUCCHESE,ROBERTO LUCCHESE,MDB,15386,Masculino,Branca,41.0,Empresário,Superior Incompleto,RS-Marques De Souza,2026-10-03,242260.0,0.0,152260.0,0.0,90000.0,0.0,0.0,0.0,0.0,2000.0,121118.0,121118.0,0.0,84266.0,36852.0,0.095321,121142.0,25.0,8.0,22.0,ROBERTO LUCCHESE,90000.0,JORNAL A HORA LTDA,67500.0,PUBLICIDADE POR JORNAIS E REVISTAS,0.639195,153860700000RS5539690,Eleito por QP
47,RONALDO SANTINI,RONALDO SANTINI,Podemos,20500,Masculino,Branca,53.0,Deputado,Superior Completo,RS-Lagoa Vermelha,2026-10-01,687768.33,571768.33,53000.0,45000.0,18000.0,0.0,0.0,0.0,0.831339,101028.33,182449.18,182449.18,0.0,141091.96,41357.22,0.14359,505319.15,12.0,41.0,108.0,DIREÇÃO NACIONAL - PODE,496740.0,GRAFICA E EDITORA SAGRADA FAMILIA LTDA,48976.4,PUBLICIDADE POR MATERIAIS IMPRESSOS,0.425815,205000700000RS3825313,Eleito por QP
48,RONIZE DAMASSINI,RONIZE ANTONIA DAMASSINI,PP,11123,Feminino,Branca,51.0,Advogado,Superior Completo,RS-Tuparendi,2026-10-05,912342.83,912342.83,0.0,0.0,0.0,0.0,0.0,0.0,1.0,0.0,468101.29,468101.29,0.0,443651.29,24450.0,0.368401,444241.54,1.0,142.0,178.0,DIREÇÃO NACIONAL - PP,912342.83,GRAFICA E EDITORA COMUNICACAO IMPRESSA LTDA,98890.0,ATIVIDADES DE MILITÂNCIA E MOBILIZAÇÃO DE RUA,0.452893,111230700000RS0327972,Eleito por QP
49,SALMO,SALMO DIAS DE OLIVEIRA,PP,11999,Masculino,Branca,52.0,Empresário,Superior Completo,RS-Nonoai,2026-10-06,296750.0,200000.0,26750.0,0.0,70000.0,0.0,0.0,0.0,0.673968,0.0,286601.6,286601.6,0.0,28826.21,257775.39,0.225559,10148.4,8.0,46.0,104.0,DIREÇÃO NACIONAL - PP,200000.0,JAQUELINE CREMONINI DA SILVA LTDA,78150.0,PUBLICIDADE POR MATERIAIS IMPRESSOS,0.670342,119990700000RS2329315,Eleito por média
50,SCALCO,MAURICIO FERNANDO SCALCO,PL,22100,Masculino,Branca,51.0,Empresário,Superior Completo,RS-Caxias Do Sul,2026-09-13,1272500.0,1270000.0,0.0,0.0,2500.0,0.0,0.0,0.0,0.998035,0.0,381809.43,381809.43,0.0,154010.43,227799.0,0.300489,890690.57,2.0,70.0,96.0,DIREÇÃO NACIONAL - PL,1270000.0,GUEGOO INDUSTRIA E COMERCIO DE PRODUTOS PARA COMUNICACAO VISUAL LTDA,59217.0,SERVIÇOS PRESTADOS POR TERCEIROS,0.565622,221000700000RS0704026,Eleito por QP
51,SERGIO PERES,SERGIO PERES ALOS,Republicanos,10300,Masculino,Branca,58.0,Deputado,Ensino Médio Completo,RS-Santo Antônio Da Patrulha,2026-09-29,581561.5,377239.0,61945.0,142377.5,0.0,0.0,0.0,0.0,0.648666,247431.5,199380.26,199380.26,0.0,199380.26,0.0,0.156915,382181.24,11.0,70.0,116.0,DIREÇÃO NACIONAL - REPUBLICANOS,250000.0,WAGNER RIBEIRO MENTZ,26400.0,ATIVIDADES DE MILITÂNCIA E MOBILIZAÇÃO DE RUA,0.541678,103000700000RS0138459,Eleito por QP
52,SOFIA CAVEDON,SOFIA CAVEDON NUNES,PT,13400,Feminino,Branca,63.0,Deputado,Superior Completo,RS-Veranópolis,2026-10-02,843560.0,625500.0,69460.0,78000.0,70600.0,0.0,0.0,0.0,0.7415,30100.0,788680.31,786980.31,1700.0,744402.89,42577.42,0.620701,54879.69,89.0,163.0,308.0,DIREÇÃO NACIONAL - PT,625500.0,RS GRAFICA IMPRESSAO LTDA,87782.5,ATIVIDADES DE MILITÂNCIA E MOBILIZAÇÃO DE RUA,0.441762,134000700000RS8267806,Eleito por média
53,TIAGO CADÓ,TIAGO CADO FERNANDES,PDT,12000,Masculino,Branca,41.0,Professor de Ensino Médio,Superior Completo,RS-São Borja,2026-10-02,417500.0,250000.0,125500.0,40000.0,2000.0,0.0,0.0,0.0,0.598802,1500.0,360090.34,360090.34,0.0,160999.54,199090.8,0.283395,57409.66,27.0,81.0,101.0,DIREÇÃO NACIONAL - PDT,250000.0,SPEED PROMOCIONAL INDUSTRIA DE BRINDES LTDA,56780.0,PUBLICIDADE POR MATERIAIS IMPRESSOS,0.368713,120000700000RS2162573,Eleito por QP
54,VANICE DE MATOS,VANICE HELENA ANDRADE DE MATOS,PL,22215,Feminino,Branca,55.0,Servidor Público Municipal,Superior Completo,RS-Santo Cristo,2026-10-06,594500.0,450000.0,84000.0,60000.0,500.0,0.0,0.0,0.0,0.756939,0.0,469551.24,469551.24,0.0,242522.4,227028.84,0.369542,124948.76,9.0,111.0,134.0,DIREÇÃO NACIONAL - PL,450000.0,59.811.887 ERENI TERESINHA ROHDE,45000.0,ATIVIDADES DE MILITÂNCIA E MOBILIZAÇÃO DE RUA,0.453412,222150700000RS6008505,Eleito por QP
55,ZÉ NUNES,JOSE SIDNEY NUNES DE ALMEIDA,PT,13500,Masculino,Branca,61.0,Deputado,Superior Completo,RS-São Lourenço Do Sul,2026-10-01,507003.13,265500.0,101900.13,96603.0,33000.0,0.0,10000.0,0.0,0.523665,25553.0,466755.22,466755.22,0.0,435122.09,31633.13,0.367342,40247.91,41.0,71.0,185.0,DIREÇÃO NACIONAL - PT,265500.0,LUIS GUSTAVO BERNICKER,84155.0,PUBLICIDADE POR MATERIAIS IMPRESSOS,0.418577,135000700000RS5533557,Eleito por QP
