ID deputado,Deputado(a),Partido,Posição,Tipo de despesa,Valor (R$),% das despesas totais,Lançamentos
1,ADÃO PRETTO,PT,1,SERVIÇOS PRESTADOS POR TERCEIROS,85500.0,0.284053,13
1,ADÃO PRETTO,PT,2,PUBLICIDADE POR MATERIAIS IMPRESSOS,67925.5,0.225666,36
1,ADÃO PRETTO,PT,3,ATIVIDADES DE MILITÂNCIA E MOBILIZAÇÃO DE RUA,49000.0,0.162791,14
1,ADÃO PRETTO,PT,4,LOCAÇÃO/CESSÃO DE BENS IMÓVEIS,24900.0,0.082724,5
1,ADÃO PRETTO,PT,5,PUBLICIDADE POR CARROS DE SOM,20000.0,0.066445,2
1,ADÃO PRETTO,PT,6,SERVIÇOS ADVOCATÍCIOS,18000.0,0.059801,1
1,ADÃO PRETTO,PT,7,SERVIÇOS CONTÁBEIS,10000.0,0.033223,1
1,ADÃO PRETTO,PT,8,DESPESA COM IMPULSIONAMENTO DE CONTEÚDOS,10000.0,0.033223,2
1,ADÃO PRETTO,PT,9,SERVIÇOS PRÓPRIOS PRESTADOS POR TERCEIROS,8000.0,0.026578,1
1,ADÃO PRETTO,PT,10,COMBUSTÍVEIS E LUBRIFICANTES,3353.58,0.011141,11
1,ADÃO PRETTO,PT,11,PUBLICIDADE POR JORNAIS E REVISTAS,2400.0,0.007973,3
1,ADÃO PRETTO,PT,12,PUBLICIDADE POR ADESIVOS,1820.87,0.006049,1
1,ADÃO PRETTO,PT,13,CORRESPONDÊNCIAS E DESPESAS POSTAIS,100.05,0.000332,1
2,ADRI CHERINI,PL,1,DESPESA COM IMPULSIONAMENTO DE CONTEÚDOS,251000.0,0.301775,6
2,ADRI CHERINI,PL,2,ATIVIDADES DE MILITÂNCIA E MOBILIZAÇÃO DE RUA,210680.0,0.253298,62
2,ADRI CHERINI,PL,3,PUBLICIDADE POR MATERIAIS IMPRESSOS,146912.5,0.176631,13
2,ADRI CHERINI,PL,4,DESPESAS COM PESSOAL,63500.0,0.076345,7
2,ADRI CHERINI,PL,5,CESSÃO OU LOCAÇÃO DE VEÍCULOS,56700.0,0.06817,9
2,ADRI CHERINI,PL,6,LOCAÇÃO/CESSÃO DE BENS IMÓVEIS,38741.03,0.046578,5
2,ADRI CHERINI,PL,7,SERVIÇOS ADVOCATÍCIOS,30000.0,0.036069,1
2,ADRI CHERINI,PL,8,COMBUSTÍVEIS E LUBRIFICANTES,19368.92,0.023287,79
2,ADRI CHERINI,PL,9,SERVIÇOS CONTÁBEIS,7400.0,0.008897,1
2,ADRI CHERINI,PL,10,PUBLICIDADE POR ADESIVOS,4630.0,0.005567,3
2,ADRI CHERINI,PL,11,PRÉ-INSTALAÇÃO FÍSICA DE COMITÊ DE CAMPANHA,2270.0,0.002729,4
2,ADRI CHERINI,PL,12,DESPESAS COM TRANSPORTE OU DESLOCAMENTO,302.67,0.000364,4
2,ADRI CHERINI,PL,13,CORRESPONDÊNCIAS E DESPESAS POSTAIS,152.86,0.000184,1
2,ADRI CHERINI,PL,14,"ENCARGOS FINANCEIROS, TAXAS BANCÁRIAS E/OU OP. CARTÃO DE CRÉDITO",88.0,0.000106,13
3,ADRIANA LARA,PL,1,ATIVIDADES DE MILITÂNCIA E MOBILIZAÇÃO DE RUA,755649.02,0.640591,401
3,ADRIANA LARA,PL,2,PUBLICIDADE POR MATERIAIS IMPRESSOS,209824.75,0.177876,15
3,ADRIANA LARA,PL,3,DESPESA COM IMPULSIONAMENTO DE CONTEÚDOS,44000.0,0.0373,4
3,ADRIANA LARA,PL,4,LOCAÇÃO/CESSÃO DE BENS IMÓVEIS,37000.0,0.031366,3
3,ADRIANA LARA,PL,5,SERVIÇOS CONTÁBEIS,33000.0,0.027975,2
3,ADRIANA LARA,PL,6,CESSÃO OU LOCAÇÃO DE VEÍCULOS,28198.68,0.023905,5
3,ADRIANA LARA,PL,7,DIVERSAS A ESPECIFICAR,25180.0,0.021346,2
3,ADRIANA LARA,PL,8,SERVIÇOS PRESTADOS POR TERCEIROS,20000.0,0.016955,2
3,ADRIANA LARA,PL,9,PESQUISAS OU TESTES ELEITORAIS,11000.0,0.009325,1
3,ADRIANA LARA,PL,10,COMBUSTÍVEIS E LUBRIFICANTES,8140.0,0.006901,17
3,ADRIANA LARA,PL,11,PUBLICIDADE POR JORNAIS E REVISTAS,6020.0,0.005103,4
3,ADRIANA LARA,PL,12,LOCAÇÃO/CESSÃO DE BENS MÓVEIS (EXCETO VEÍCULOS),1600.0,0.001356,1
4,ALI KLEMT,PL,1,SERVIÇOS PRESTADOS POR TERCEIROS,306000.0,0.965417,2
4,ALI KLEMT,PL,2,PUBLICIDADE POR MATERIAIS IMPRESSOS,10900.0,0.034389,1
4,ALI KLEMT,PL,3,"ENCARGOS FINANCEIROS, TAXAS BANCÁRIAS E/OU OP. CARTÃO DE CRÉDITO",61.4,0.000194,9
5,BETO FANTINEL,MDB,1,PUBLICIDADE POR MATERIAIS IMPRESSOS,240205.4,0.524543,175
5,BETO FANTINEL,MDB,2,DESPESA COM IMPULSIONAMENTO DE CONTEÚDOS,80000.0,0.174698,3
5,BETO FANTINEL,MDB,3,DESPESAS COM PESSOAL,55000.0,0.120105,5
5,BETO FANTINEL,MDB,4,SERVIÇOS PRESTADOS POR TERCEIROS,30946.45,0.067579,3
5,BETO FANTINEL,MDB,5,PUBLICIDADE POR CARROS DE SOM,20000.0,0.043675,2
5,BETO FANTINEL,MDB,6,LOCAÇÃO/CESSÃO DE BENS IMÓVEIS,18163.86,0.039665,2
5,BETO FANTINEL,MDB,7,ALIMENTAÇÃO,9954.95,0.021739,2
5,BETO FANTINEL,MDB,8,ATIVIDADES DE MILITÂNCIA E MOBILIZAÇÃO DE RUA,2000.0,0.004367,1
5,BETO FANTINEL,MDB,9,PUBLICIDADE POR JORNAIS E REVISTAS,1500.0,0.003276,5
5,BETO FANTINEL,MDB,10,TAXA DE ADMINISTRAÇÃO DE FINANCIAMENTO COLETIVO,162.06,0.000354,1
6,BRUNA MOLZ,Podemos,1,ATIVIDADES DE MILITÂNCIA E MOBILIZAÇÃO DE RUA,24500.0,0.239777,7
6,BRUNA MOLZ,Podemos,2,DESPESA COM IMPULSIONAMENTO DE CONTEÚDOS,21500.0,0.210417,3
6,BRUNA MOLZ,Podemos,3,SERVIÇOS PRESTADOS POR TERCEIROS,19748.55,0.193276,3
6,BRUNA MOLZ,Podemos,4,SERVIÇOS ADVOCATÍCIOS,15000.0,0.146803,1
6,BRUNA MOLZ,Podemos,5,PUBLICIDADE POR MATERIAIS IMPRESSOS,14145.0,0.138435,9
6,BRUNA MOLZ,Podemos,6,LOCAÇÃO/CESSÃO DE BENS IMÓVEIS,6500.0,0.063614,1
6,BRUNA MOLZ,Podemos,7,COMBUSTÍVEIS E LUBRIFICANTES,772.53,0.007561,3
6,BRUNA MOLZ,Podemos,8,"ENCARGOS FINANCEIROS, TAXAS BANCÁRIAS E/OU OP. CARTÃO DE CRÉDITO",12.0,0.000117,8
7,CAPITÃO MARTIM,Republicanos,1,DESPESA COM IMPULSIONAMENTO DE CONTEÚDOS,230000.0,0.587013,8
7,CAPITÃO MARTIM,Republicanos,2,PUBLICIDADE POR MATERIAIS IMPRESSOS,160264.0,0.409031,40
7,CAPITÃO MARTIM,Republicanos,3,PUBLICIDADE POR JORNAIS E REVISTAS,1000.0,0.002552,1
7,CAPITÃO MARTIM,Republicanos,4,PUBLICIDADE POR ADESIVOS,550.0,0.001404,1
8,CLÁUDIO TATSCH,PL,1,PUBLICIDADE POR MATERIAIS IMPRESSOS,143740.0,0.333967,22
8,CLÁUDIO TATSCH,PL,2,ATIVIDADES DE MILITÂNCIA E MOBILIZAÇÃO DE RUA,89220.88,0.207297,30
8,CLÁUDIO TATSCH,PL,3,PUBLICIDADE POR ADESIVOS,38769.0,0.090076,12
8,CLÁUDIO TATSCH,PL,4,SERVIÇOS PRESTADOS POR TERCEIROS,37000.0,0.085966,3
8,CLÁUDIO TATSCH,PL,5,CESSÃO OU LOCAÇÃO DE VEÍCULOS,34090.0,0.079205,6
8,CLÁUDIO TATSCH,PL,6,DESPESA COM IMPULSIONAMENTO DE CONTEÚDOS,23300.0,0.054136,10
8,CLÁUDIO TATSCH,PL,7,PUBLICIDADE POR JORNAIS E REVISTAS,18492.0,0.042965,3
8,CLÁUDIO TATSCH,PL,8,PRÉ-INSTALAÇÃO FÍSICA DE COMITÊ DE CAMPANHA,18172.9,0.042223,6
8,CLÁUDIO TATSCH,PL,9,LOCAÇÃO/CESSÃO DE BENS IMÓVEIS,15600.0,0.036245,1
8,CLÁUDIO TATSCH,PL,10,SERVIÇOS CONTÁBEIS,6520.0,0.015149,1
8,CLÁUDIO TATSCH,PL,11,COMBUSTÍVEIS E LUBRIFICANTES,3521.61,0.008182,8
8,CLÁUDIO TATSCH,PL,12,MATERIAIS DE EXPEDIENTE,1795.5,0.004172,1
8,CLÁUDIO TATSCH,PL,13,ENERGIA ELÉTRICA,179.46,0.000417,1
9,COMANDANTE NÁDIA,PL,1,DESPESAS COM PESSOAL,272125.0,0.40843,58
9,COMANDANTE NÁDIA,PL,2,PUBLICIDADE POR MATERIAIS IMPRESSOS,172367.24,0.258705,24
9,COMANDANTE NÁDIA,PL,3,DIVERSAS A ESPECIFICAR,117497.2,0.176351,25
9,COMANDANTE NÁDIA,PL,4,DOAÇÕES FINANCEIRAS A OUTROS CANDIDATOS/PARTIDOS,41000.0,0.061537,2
9,COMANDANTE NÁDIA,PL,5,SERVIÇOS ADVOCATÍCIOS,35000.0,0.052531,1
9,COMANDANTE NÁDIA,PL,6,SERVIÇOS CONTÁBEIS,15000.0,0.022513,1
9,COMANDANTE NÁDIA,PL,7,DESPESA COM IMPULSIONAMENTO DE CONTEÚDOS,5000.0,0.007504,1
9,COMANDANTE NÁDIA,PL,8,PUBLICIDADE POR ADESIVOS,4483.4,0.006729,5
9,COMANDANTE NÁDIA,PL,9,CORRESPONDÊNCIAS E DESPESAS POSTAIS,3170.3,0.004758,6
9,COMANDANTE NÁDIA,PL,10,LOCAÇÃO/CESSÃO DE BENS IMÓVEIS,600.0,0.000901,1
9,COMANDANTE NÁDIA,PL,11,TAXA DE ADMINISTRAÇÃO DE FINANCIAMENTO COLETIVO,27.11,4.1e-05,2
10,DAIANE MELLO,PL,1,PUBLICIDADE POR MATERIAIS IMPRESSOS,15558.0,0.452373,10
10,DAIANE MELLO,PL,2,DESPESA COM IMPULSIONAMENTO DE CONTEÚDOS,10000.0,0.290765,1
10,DAIANE MELLO,PL,3,SERVIÇOS PRESTADOS POR TERCEIROS,4880.0,0.141893,2
10,DAIANE MELLO,PL,4,SERVIÇOS CONTÁBEIS,3500.0,0.101768,1
10,DAIANE MELLO,PL,5,PUBLICIDADE POR ADESIVOS,450.0,0.013084,2
10,DAIANE MELLO,PL,6,"ENCARGOS FINANCEIROS, TAXAS BANCÁRIAS E/OU OP. CARTÃO DE CRÉDITO",4.0,0.000116,2
11,DELEGADA ANA TAROUCO,PSD,1,PUBLICIDADE POR MATERIAIS IMPRESSOS,153155.5,0.422715,19
11,DELEGADA ANA TAROUCO,PSD,2,ATIVIDADES DE MILITÂNCIA E MOBILIZAÇÃO DE RUA,103670.0,0.286133,211
11,DELEGADA ANA TAROUCO,PSD,3,SERVIÇOS PRESTADOS POR TERCEIROS,54850.0,0.151388,5
11,DELEGADA ANA TAROUCO,PSD,4,"PRODUÇÃO DE JINGLES, VINHETAS E SLOGANS",23100.0,0.063757,1
11,DELEGADA ANA TAROUCO,PSD,5,DESPESAS COM TRANSPORTE OU DESLOCAMENTO,16324.0,0.045055,4
11,DELEGADA ANA TAROUCO,PSD,6,DESPESA COM IMPULSIONAMENTO DE CONTEÚDOS,11000.0,0.03036,2
11,DELEGADA ANA TAROUCO,PSD,7,"ENCARGOS FINANCEIROS, TAXAS BANCÁRIAS E/OU OP. CARTÃO DE CRÉDITO",114.0,0.000315,8
11,DELEGADA ANA TAROUCO,PSD,8,MATERIAIS DE EXPEDIENTE,100.32,0.000277,1
12,DELEGADA NADINE,PSD,1,DIVERSAS A ESPECIFICAR,249312.5,0.500113,12
12,DELEGADA NADINE,PSD,2,ATIVIDADES DE MILITÂNCIA E MOBILIZAÇÃO DE RUA,95300.0,0.191169,49
12,DELEGADA NADINE,PSD,3,PUBLICIDADE POR MATERIAIS IMPRESSOS,58874.0,0.118099,23
12,DELEGADA NADINE,PSD,4,DESPESA COM IMPULSIONAMENTO DE CONTEÚDOS,21500.0,0.043128,4
12,DELEGADA NADINE,PSD,5,PUBLICIDADE POR JORNAIS E REVISTAS,17371.62,0.034847,7
12,DELEGADA NADINE,PSD,6,LOCAÇÃO/CESSÃO DE BENS IMÓVEIS,14500.0,0.029087,1
12,DELEGADA NADINE,PSD,7,"PRODUÇÃO DE JINGLES, VINHETAS E SLOGANS",10000.0,0.02006,1
12,DELEGADA NADINE,PSD,8,SERVIÇOS PRESTADOS POR TERCEIROS,8000.0,0.016048,1
12,DELEGADA NADINE,PSD,9,LOCAÇÃO/CESSÃO DE BENS MÓVEIS (EXCETO VEÍCULOS),7073.33,0.014189,3
12,DELEGADA NADINE,PSD,10,SERVIÇOS ADVOCATÍCIOS,5000.0,0.01003,1
12,DELEGADA NADINE,PSD,11,CESSÃO OU LOCAÇÃO DE VEÍCULOS,4000.0,0.008024,1
12,DELEGADA NADINE,PSD,12,SERVIÇOS CONTÁBEIS,3000.0,0.006018,1
12,DELEGADA NADINE,PSD,13,EVENTOS DE PROMOÇÃO DA CANDIDATURA,3000.0,0.006018,1
12,DELEGADA NADINE,PSD,14,DESPESAS COM PESSOAL,960.0,0.001926,5
12,DELEGADA NADINE,PSD,15,COMBUSTÍVEIS E LUBRIFICANTES,507.45,0.001018,3
12,DELEGADA NADINE,PSD,16,"ENCARGOS FINANCEIROS, TAXAS BANCÁRIAS E/OU OP. CARTÃO DE CRÉDITO",99.5,0.0002,12
12,DELEGADA NADINE,PSD,17,"IMPOSTOS, CONTRIBUIÇÕES E TAXAS",14.1,2.8e-05,2
13,DELEGADO ZUCCO,Republicanos,1,PUBLICIDADE POR MATERIAIS IMPRESSOS,274361.0,0.389055,22
13,DELEGADO ZUCCO,Republicanos,2,DESPESA COM IMPULSIONAMENTO DE CONTEÚDOS,201882.5,0.286277,48
13,DELEGADO ZUCCO,Republicanos,3,SERVIÇOS PRESTADOS POR TERCEIROS,59300.0,0.08409,3
13,DELEGADO ZUCCO,Republicanos,4,PUBLICIDADE POR ADESIVOS,59147.5,0.083874,12
13,DELEGADO ZUCCO,Republicanos,5,DOAÇÕES FINANCEIRAS A OUTROS CANDIDATOS/PARTIDOS,39500.0,0.056013,4
13,DELEGADO ZUCCO,Republicanos,6,SERVIÇOS ADVOCATÍCIOS,30000.0,0.042541,1
13,DELEGADO ZUCCO,Republicanos,7,LOCAÇÃO/CESSÃO DE BENS IMÓVEIS,22000.0,0.031197,2
13,DELEGADO ZUCCO,Republicanos,8,SERVIÇOS CONTÁBEIS,15000.0,0.021271,1
13,DELEGADO ZUCCO,Republicanos,9,ATIVIDADES DE MILITÂNCIA E MOBILIZAÇÃO DE RUA,4000.0,0.005672,1
13,DELEGADO ZUCCO,Republicanos,10,"ENCARGOS FINANCEIROS, TAXAS BANCÁRIAS E/OU OP. CARTÃO DE CRÉDITO",5.5,8e-06,6
13,DELEGADO ZUCCO,Republicanos,11,TAXA DE ADMINISTRAÇÃO DE FINANCIAMENTO COLETIVO,2.18,3e-06,1
14,DIEGO PICUCHA,PDT,1,PUBLICIDADE POR MATERIAIS IMPRESSOS,296927.0,0.634625,34
14,DIEGO PICUCHA,PDT,2,DESPESA COM IMPULSIONAMENTO DE CONTEÚDOS,46500.0,0.099385,9
14,DIEGO PICUCHA,PDT,3,LOCAÇÃO/CESSÃO DE BENS IMÓVEIS,34500.0,0.073737,7
14,DIEGO PICUCHA,PDT,4,COMBUSTÍVEIS E LUBRIFICANTES,20000.0,0.042746,3
14,DIEGO PICUCHA,PDT,5,SERVIÇOS PRESTADOS POR TERCEIROS,20000.0,0.042746,4
14,DIEGO PICUCHA,PDT,6,PUBLICIDADE POR JORNAIS E REVISTAS,15981.0,0.034156,1
14,DIEGO PICUCHA,PDT,7,SERVIÇOS ADVOCATÍCIOS,10000.0,0.021373,1
14,DIEGO PICUCHA,PDT,8,SERVIÇOS CONTÁBEIS,10000.0,0.021373,1
14,DIEGO PICUCHA,PDT,9,ATIVIDADES DE MILITÂNCIA E MOBILIZAÇÃO DE RUA,6180.0,0.013209,10
14,DIEGO PICUCHA,PDT,10,"PRODUÇÃO DE JINGLES, VINHETAS E SLOGANS",5000.0,0.010687,1
14,DIEGO PICUCHA,PDT,11,DIVERSAS A ESPECIFICAR,2790.0,0.005963,1
15,DIMAS COSTA,PSD,1,PUBLICIDADE POR MATERIAIS IMPRESSOS,166833.0,0.480859,17
15,DIMAS COSTA,PSD,2,DESPESA COM IMPULSIONAMENTO DE CONTEÚDOS,75000.0,0.216171,7
15,DIMAS COSTA,PSD,3,SERVIÇOS PRESTADOS POR TERCEIROS,52000.0,0.149878,3
15,DIMAS COSTA,PSD,4,PUBLICIDADE POR CARROS DE SOM,24000.0,0.069175,1
15,DIMAS COSTA,PSD,5,SERVIÇOS ADVOCATÍCIOS,15000.0,0.043234,1
15,DIMAS COSTA,PSD,6,LOCAÇÃO/CESSÃO DE BENS IMÓVEIS,10140.12,0.029227,2
15,DIMAS COSTA,PSD,7,"PRODUÇÃO DE JINGLES, VINHETAS E SLOGANS",2500.0,0.007206,1
15,DIMAS COSTA,PSD,8,LOCAÇÃO/CESSÃO DE BENS MÓVEIS (EXCETO VEÍCULOS),830.0,0.002392,1
15,DIMAS COSTA,PSD,9,CRIAÇÃO E INCLUSÃO DE PÁGINAS NA INTERNET,640.0,0.001845,1
15,DIMAS COSTA,PSD,10,"ENCARGOS FINANCEIROS, TAXAS BANCÁRIAS E/OU OP. CARTÃO DE CRÉDITO",5.0,1.4e-05,7
16,DIRCEU FRANCISCON,União,1,PUBLICIDADE POR MATERIAIS IMPRESSOS,171503.09,0.411333,27
16,DIRCEU FRANCISCON,União,2,PUBLICIDADE POR JORNAIS E REVISTAS,96098.25,0.230482,22
16,DIRCEU FRANCISCON,União,3,PUBLICIDADE POR ADESIVOS,36159.73,0.086726,17
16,DIRCEU FRANCISCON,União,4,ATIVIDADES DE MILITÂNCIA E MOBILIZAÇÃO DE RUA,34880.0,0.083656,17
16,DIRCEU FRANCISCON,União,5,DESPESA COM IMPULSIONAMENTO DE CONTEÚDOS,21200.0,0.050846,3
16,DIRCEU FRANCISCON,União,6,CESSÃO OU LOCAÇÃO DE VEÍCULOS,10111.9,0.024252,2
16,DIRCEU FRANCISCON,União,7,LOCAÇÃO/CESSÃO DE BENS IMÓVEIS,10000.0,0.023984,1
16,DIRCEU FRANCISCON,União,8,DESPESAS COM PESSOAL,10000.0,0.023984,2
16,DIRCEU FRANCISCON,União,9,EVENTOS DE PROMOÇÃO DA CANDIDATURA,7000.0,0.016789,1
16,DIRCEU FRANCISCON,União,10,SERVIÇOS CONTÁBEIS,5000.0,0.011992,1
16,DIRCEU FRANCISCON,União,11,SERVIÇOS ADVOCATÍCIOS,5000.0,0.011992,1
16,DIRCEU FRANCISCON,União,12,SERVIÇOS PRESTADOS POR TERCEIROS,4000.0,0.009594,1
16,DIRCEU FRANCISCON,União,13,COMBUSTÍVEIS E LUBRIFICANTES,3991.54,0.009573,19
16,DIRCEU FRANCISCON,União,14,"PRODUÇÃO DE JINGLES, VINHETAS E SLOGANS",2000.0,0.004797,1
17,EDIVILSON BRUM,MDB,1,PUBLICIDADE POR MATERIAIS IMPRESSOS,75205.0,0.546356,12
17,EDIVILSON BRUM,MDB,2,SERVIÇOS PRESTADOS POR TERCEIROS,15104.95,0.109736,3
17,EDIVILSON BRUM,MDB,3,DESPESA COM IMPULSIONAMENTO DE CONTEÚDOS,14000.0,0.101708,5
17,EDIVILSON BRUM,MDB,4,LOCAÇÃO/CESSÃO DE BENS IMÓVEIS,12178.33,0.088474,3
17,EDIVILSON BRUM,MDB,5,ALIMENTAÇÃO,11160.0,0.081076,1
17,EDIVILSON BRUM,MDB,6,SERVIÇOS CONTÁBEIS,10000.0,0.072649,2
18,EDUARDO LOUREIRO,PDT,1,DESPESAS COM PESSOAL,486000.0,0.767908,107
18,EDUARDO LOUREIRO,PDT,2,PUBLICIDADE POR MATERIAIS IMPRESSOS,59444.0,0.093925,9
18,EDUARDO LOUREIRO,PDT,3,CESSÃO OU LOCAÇÃO DE VEÍCULOS,34600.0,0.05467,8
18,EDUARDO LOUREIRO,PDT,4,PUBLICIDADE POR ADESIVOS,21927.94,0.034647,2
18,EDUARDO LOUREIRO,PDT,5,LOCAÇÃO/CESSÃO DE BENS IMÓVEIS,14585.63,0.023046,7
18,EDUARDO LOUREIRO,PDT,6,COMBUSTÍVEIS E LUBRIFICANTES,4950.39,0.007822,20
18,EDUARDO LOUREIRO,PDT,7,DESPESA COM IMPULSIONAMENTO DE CONTEÚDOS,4300.0,0.006794,5
18,EDUARDO LOUREIRO,PDT,8,SERVIÇOS PRESTADOS POR TERCEIROS,3000.0,0.00474,2
18,EDUARDO LOUREIRO,PDT,9,PUBLICIDADE POR JORNAIS E REVISTAS,2500.0,0.00395,1
18,EDUARDO LOUREIRO,PDT,10,DIVERSAS A ESPECIFICAR,1580.55,0.002497,21
19,ELIZANDRO SABINO,Republicanos,1,ATIVIDADES DE MILITÂNCIA E MOBILIZAÇÃO DE RUA,356200.0,0.731998,96
19,ELIZANDRO SABINO,Republicanos,2,CORRESPONDÊNCIAS E DESPESAS POSTAIS,35141.6,0.072217,2
19,ELIZANDRO SABINO,Republicanos,3,PUBLICIDADE POR MATERIAIS IMPRESSOS,34050.0,0.069973,19
19,ELIZANDRO SABINO,Republicanos,4,PUBLICIDADE POR ADESIVOS,20250.0,0.041614,4
19,ELIZANDRO SABINO,Republicanos,5,DIVERSAS A ESPECIFICAR,14315.0,0.029418,7
19,ELIZANDRO SABINO,Republicanos,6,LOCAÇÃO/CESSÃO DE BENS MÓVEIS (EXCETO VEÍCULOS),10700.0,0.021989,1
19,ELIZANDRO SABINO,Republicanos,7,LOCAÇÃO/CESSÃO DE BENS IMÓVEIS,9557.0,0.01964,3
19,ELIZANDRO SABINO,Republicanos,8,DESPESA COM IMPULSIONAMENTO DE CONTEÚDOS,2500.0,0.005138,2
19,ELIZANDRO SABINO,Republicanos,9,SERVIÇOS CONTÁBEIS,2000.0,0.00411,1
19,ELIZANDRO SABINO,Republicanos,10,SERVIÇOS ADVOCATÍCIOS,1000.0,0.002055,1
19,ELIZANDRO SABINO,Republicanos,11,"PRODUÇÃO DE JINGLES, VINHETAS E SLOGANS",900.0,0.00185,1
20,GILMAR SOSSELLA,PDT,1,DESPESAS COM PESSOAL,490000.0,0.832254,181
20,GILMAR SOSSELLA,PDT,2,DIVERSAS A ESPECIFICAR,50774.98,0.08624,23
20,GILMAR SOSSELLA,PDT,3,PUBLICIDADE POR MATERIAIS IMPRESSOS,23911.2,0.040613,10
20,GILMAR SOSSELLA,PDT,4,SERVIÇOS ADVOCATÍCIOS,8000.0,0.013588,1
20,GILMAR SOSSELLA,PDT,5,LOCAÇÃO/CESSÃO DE BENS IMÓVEIS,6200.0,0.010531,3
20,GILMAR SOSSELLA,PDT,6,DESPESA COM IMPULSIONAMENTO DE CONTEÚDOS,5239.04,0.008898,3
20,GILMAR SOSSELLA,PDT,7,SERVIÇOS CONTÁBEIS,4500.0,0.007643,1
20,GILMAR SOSSELLA,PDT,8,"ENCARGOS FINANCEIROS, TAXAS BANCÁRIAS E/OU OP. CARTÃO DE CRÉDITO",137.0,0.000233,41
21,GIO KRUG,PSD,1,PUBLICIDADE POR MATERIAIS IMPRESSOS,79822.7,0.582665,23
21,GIO KRUG,PSD,2,ATIVIDADES DE MILITÂNCIA E MOBILIZAÇÃO DE RUA,21500.0,0.156939,6
21,GIO KRUG,PSD,3,DESPESAS COM TRANSPORTE OU DESLOCAMENTO,9000.0,0.065695,2
21,GIO KRUG,PSD,4,CESSÃO OU LOCAÇÃO DE VEÍCULOS,9000.0,0.065695,2
21,GIO KRUG,PSD,5,COMBUSTÍVEIS E LUBRIFICANTES,7663.74,0.055941,29
21,GIO KRUG,PSD,6,DESPESAS COM PESSOAL,5000.0,0.036497,1
21,GIO KRUG,PSD,7,PUBLICIDADE POR ADESIVOS,4240.0,0.03095,3
21,GIO KRUG,PSD,8,DIVERSAS A ESPECIFICAR,550.0,0.004015,1
21,GIO KRUG,PSD,9,COMÍCIOS,219.36,0.001601,1
22,GUILHERME PASIN,PP,1,PUBLICIDADE POR MATERIAIS IMPRESSOS,196021.64,0.467767,23
22,GUILHERME PASIN,PP,2,SERVIÇOS PRESTADOS POR TERCEIROS,112000.0,0.267266,10
22,GUILHERME PASIN,PP,3,PUBLICIDADE POR JORNAIS E REVISTAS,21511.4,0.051333,17
22,GUILHERME PASIN,PP,4,SERVIÇOS ADVOCATÍCIOS,20000.0,0.047726,1
22,GUILHERME PASIN,PP,5,LOCAÇÃO/CESSÃO DE BENS IMÓVEIS,17000.0,0.040567,2
22,GUILHERME PASIN,PP,6,ATIVIDADES DE MILITÂNCIA E MOBILIZAÇÃO DE RUA,15000.0,0.035795,9
22,GUILHERME PASIN,PP,7,PUBLICIDADE POR ADESIVOS,13444.0,0.032081,7
22,GUILHERME PASIN,PP,8,CESSÃO OU LOCAÇÃO DE VEÍCULOS,9000.0,0.021477,2
22,GUILHERME PASIN,PP,9,DESPESA COM IMPULSIONAMENTO DE CONTEÚDOS,5000.0,0.011932,1
22,GUILHERME PASIN,PP,10,COMBUSTÍVEIS E LUBRIFICANTES,4411.2,0.010526,7
22,GUILHERME PASIN,PP,11,SERVIÇOS CONTÁBEIS,3000.0,0.007159,1
22,GUILHERME PASIN,PP,12,MATERIAIS DE EXPEDIENTE,2670.4,0.006372,2
23,HALLEY,PT,1,ATIVIDADES DE MILITÂNCIA E MOBILIZAÇÃO DE RUA,185743.5,0.389281,52
23,HALLEY,PT,2,DESPESAS COM PESSOAL,77956.0,0.16338,16
23,HALLEY,PT,3,PUBLICIDADE POR MATERIAIS IMPRESSOS,66300.0,0.138952,6
23,HALLEY,PT,4,SERVIÇOS PRESTADOS POR TERCEIROS,44000.0,0.092215,2
23,HALLEY,PT,5,DESPESA COM IMPULSIONAMENTO DE CONTEÚDOS,30435.0,0.063786,9
23,HALLEY,PT,6,PUBLICIDADE POR CARROS DE SOM,20000.0,0.041916,1
23,HALLEY,PT,7,LOCAÇÃO/CESSÃO DE BENS IMÓVEIS,18294.4,0.038341,4
23,HALLEY,PT,8,COMBUSTÍVEIS E LUBRIFICANTES,9534.57,0.019983,31
23,HALLEY,PT,9,DOAÇÕES FINANCEIRAS A OUTROS CANDIDATOS/PARTIDOS,9000.0,0.018862,1
23,HALLEY,PT,10,DIVERSAS A ESPECIFICAR,7672.8,0.016081,8
23,HALLEY,PT,11,SERVIÇOS CONTÁBEIS,6484.0,0.013589,1
23,HALLEY,PT,12,SERVIÇOS ADVOCATÍCIOS,1621.0,0.003397,1
23,HALLEY,PT,13,"ENCARGOS FINANCEIROS, TAXAS BANCÁRIAS E/OU OP. CARTÃO DE CRÉDITO",103.5,0.000217,24
24,HUMBERTO MATOS,PCdoB,1,ATIVIDADES DE MILITÂNCIA E MOBILIZAÇÃO DE RUA,145282.0,0.315481,55
24,HUMBERTO MATOS,PCdoB,2,SERVIÇOS PRESTADOS POR TERCEIROS,114130.0,0.247834,16
24,HUMBERTO MATOS,PCdoB,3,DESPESA COM IMPULSIONAMENTO DE CONTEÚDOS,81000.0,0.175892,9
24,HUMBERTO MATOS,PCdoB,4,PUBLICIDADE POR MATERIAIS IMPRESSOS,42679.29,0.092678,25
24,HUMBERTO MATOS,PCdoB,5,CESSÃO OU LOCAÇÃO DE VEÍCULOS,21850.1,0.047448,7
24,HUMBERTO MATOS,PCdoB,6,COMBUSTÍVEIS E LUBRIFICANTES,17552.18,0.038115,82
24,HUMBERTO MATOS,PCdoB,7,LOCAÇÃO/CESSÃO DE BENS IMÓVEIS,11545.0,0.02507,1
24,HUMBERTO MATOS,PCdoB,8,SERVIÇOS CONTÁBEIS,6700.0,0.014549,1
24,HUMBERTO MATOS,PCdoB,9,PUBLICIDADE POR ADESIVOS,5237.2,0.011373,3
24,HUMBERTO MATOS,PCdoB,10,TAXA DE ADMINISTRAÇÃO DE FINANCIAMENTO COLETIVO,4366.48,0.009482,5
24,HUMBERTO MATOS,PCdoB,11,ALIMENTAÇÃO,3212.86,0.006977,35
24,HUMBERTO MATOS,PCdoB,12,DESPESAS COM TRANSPORTE OU DESLOCAMENTO,2534.25,0.005503,25
24,HUMBERTO MATOS,PCdoB,13,CORRESPONDÊNCIAS E DESPESAS POSTAIS,1632.0,0.003544,48
24,HUMBERTO MATOS,PCdoB,14,DIVERSAS A ESPECIFICAR,1017.2,0.002209,4
24,HUMBERTO MATOS,PCdoB,15,PRÉ-INSTALAÇÃO FÍSICA DE COMITÊ DE CAMPANHA,962.9,0.002091,10
24,HUMBERTO MATOS,PCdoB,16,MATERIAIS DE EXPEDIENTE,222.8,0.000484,5
24,HUMBERTO MATOS,PCdoB,17,ENERGIA ELÉTRICA,222.38,0.000483,1
24,HUMBERTO MATOS,PCdoB,18,LOCAÇÃO/CESSÃO DE BENS MÓVEIS (EXCETO VEÍCULOS),210.0,0.000456,1
24,HUMBERTO MATOS,PCdoB,19,"ENCARGOS FINANCEIROS, TAXAS BANCÁRIAS E/OU OP. CARTÃO DE CRÉDITO",153.0,0.000332,44
25,JEFERSON FERNANDES,PT,1,ATIVIDADES DE MILITÂNCIA E MOBILIZAÇÃO DE RUA,183858.0,0.487319,94
25,JEFERSON FERNANDES,PT,2,DESPESAS COM PESSOAL,52440.0,0.138993,10
25,JEFERSON FERNANDES,PT,3,DESPESA COM IMPULSIONAMENTO DE CONTEÚDOS,45000.0,0.119273,12
25,JEFERSON FERNANDES,PT,4,CESSÃO OU LOCAÇÃO DE VEÍCULOS,25452.4,0.067462,9
25,JEFERSON FERNANDES,PT,5,SERVIÇOS ADVOCATÍCIOS,20000.0,0.05301,1
25,JEFERSON FERNANDES,PT,6,SERVIÇOS CONTÁBEIS,11000.0,0.029156,1
25,JEFERSON FERNANDES,PT,7,PUBLICIDADE POR MATERIAIS IMPRESSOS,8533.5,0.022618,6
25,JEFERSON FERNANDES,PT,8,ALIMENTAÇÃO,7840.0,0.02078,3
25,JEFERSON FERNANDES,PT,9,LOCAÇÃO/CESSÃO DE BENS IMÓVEIS,6500.0,0.017228,2
25,JEFERSON FERNANDES,PT,10,COMBUSTÍVEIS E LUBRIFICANTES,5563.52,0.014746,17
25,JEFERSON FERNANDES,PT,11,SERVIÇOS PRESTADOS POR TERCEIROS,5083.0,0.013473,2
25,JEFERSON FERNANDES,PT,12,PUBLICIDADE POR JORNAIS E REVISTAS,3468.0,0.009192,5
25,JEFERSON FERNANDES,PT,13,"PRODUÇÃO DE PROGRAMAS DE RÁDIO, TELEVISÃO OU VÍDEO",1003.8,0.002661,3
25,JEFERSON FERNANDES,PT,14,DIVERSAS A ESPECIFICAR,968.0,0.002566,1
25,JEFERSON FERNANDES,PT,15,AQUISIÇÃO/DOAÇÃO DE BENS MÓVEIS OU IMÓVEIS,300.0,0.000795,1
25,JEFERSON FERNANDES,PT,16,TAXA DE ADMINISTRAÇÃO DE FINANCIAMENTO COLETIVO,184.76,0.00049,2
25,JEFERSON FERNANDES,PT,17,PUBLICIDADE POR ADESIVOS,90.0,0.000239,2
26,JOEL WILHELM,PP,1,PUBLICIDADE POR MATERIAIS IMPRESSOS,329037.57,0.439154,67
26,JOEL WILHELM,PP,2,SERVIÇOS PRESTADOS POR TERCEIROS,126712.0,0.169118,31
26,JOEL WILHELM,PP,3,DESPESA COM IMPULSIONAMENTO DE CONTEÚDOS,61500.0,0.082082,3
26,JOEL WILHELM,PP,4,ATIVIDADES DE MILITÂNCIA E MOBILIZAÇÃO DE RUA,56843.0,0.075866,45
26,JOEL WILHELM,PP,5,CESSÃO OU LOCAÇÃO DE VEÍCULOS,53950.0,0.072005,17
26,JOEL WILHELM,PP,6,LOCAÇÃO/CESSÃO DE BENS IMÓVEIS,45340.0,0.060514,15
26,JOEL WILHELM,PP,7,PUBLICIDADE POR ADESIVOS,18908.0,0.025236,26
26,JOEL WILHELM,PP,8,PUBLICIDADE POR CARROS DE SOM,12000.0,0.016016,1
26,JOEL WILHELM,PP,9,SERVIÇOS ADVOCATÍCIOS,9600.0,0.012813,1
26,JOEL WILHELM,PP,10,SERVIÇOS PRÓPRIOS PRESTADOS POR TERCEIROS,7605.0,0.01015,3
26,JOEL WILHELM,PP,11,EVENTOS DE PROMOÇÃO DA CANDIDATURA,5100.0,0.006807,5
26,JOEL WILHELM,PP,12,"PRODUÇÃO DE JINGLES, VINHETAS E SLOGANS",5000.0,0.006673,1
26,JOEL WILHELM,PP,13,PRÉ-INSTALAÇÃO FÍSICA DE COMITÊ DE CAMPANHA,4319.41,0.005765,3
26,JOEL WILHELM,PP,14,SERVIÇOS CONTÁBEIS,4000.0,0.005339,1
26,JOEL WILHELM,PP,15,PUBLICIDADE POR JORNAIS E REVISTAS,3910.0,0.005219,4
26,JOEL WILHELM,PP,16,LOCAÇÃO/CESSÃO DE BENS MÓVEIS (EXCETO VEÍCULOS),3500.0,0.004671,1
26,JOEL WILHELM,PP,17,COMBUSTÍVEIS E LUBRIFICANTES,1754.04,0.002341,7
26,JOEL WILHELM,PP,18,"ENCARGOS FINANCEIROS, TAXAS BANCÁRIAS E/OU OP. CARTÃO DE CRÉDITO",174.3,0.000233,24
27,JUNIOR FOX,PL,1,DESPESAS COM PESSOAL,56648.0,0.295305,73
27,JUNIOR FOX,PL,2,PUBLICIDADE POR MATERIAIS IMPRESSOS,54245.0,0.282778,9
27,JUNIOR FOX,PL,3,CESSÃO OU LOCAÇÃO DE VEÍCULOS,14000.0,0.072982,4
27,JUNIOR FOX,PL,4,CRIAÇÃO E INCLUSÃO DE PÁGINAS NA INTERNET,13000.0,0.067769,3
27,JUNIOR FOX,PL,5,SERVIÇOS ADVOCATÍCIOS,10000.0,0.05213,1
27,JUNIOR FOX,PL,6,DESPESA COM IMPULSIONAMENTO DE CONTEÚDOS,10000.0,0.05213,1
27,JUNIOR FOX,PL,7,SERVIÇOS CONTÁBEIS,10000.0,0.05213,1
27,JUNIOR FOX,PL,8,LOCAÇÃO/CESSÃO DE BENS IMÓVEIS,10000.0,0.05213,1
27,JUNIOR FOX,PL,9,"PRODUÇÃO DE PROGRAMAS DE RÁDIO, TELEVISÃO OU VÍDEO",5000.0,0.026065,1
27,JUNIOR FOX,PL,10,PUBLICIDADE POR ADESIVOS,3480.0,0.018141,2
27,JUNIOR FOX,PL,11,ALIMENTAÇÃO,2782.5,0.014505,1
27,JUNIOR FOX,PL,12,COMBUSTÍVEIS E LUBRIFICANTES,2619.51,0.013655,8
27,JUNIOR FOX,PL,13,DIVERSAS A ESPECIFICAR,54.0,0.000282,1
28,KAREN SANTOS,PSOL,1,ATIVIDADES DE MILITÂNCIA E MOBILIZAÇÃO DE RUA,249215.0,0.502119,99
28,KAREN SANTOS,PSOL,2,SERVIÇOS PRESTADOS POR TERCEIROS,99605.0,0.200684,11
28,KAREN SANTOS,PSOL,3,DESPESA COM IMPULSIONAMENTO DE CONTEÚDOS,48000.0,0.09671,1
28,KAREN SANTOS,PSOL,4,PUBLICIDADE POR ADESIVOS,35804.0,0.072138,10
28,KAREN SANTOS,PSOL,5,PUBLICIDADE POR MATERIAIS IMPRESSOS,21907.5,0.044139,12
28,KAREN SANTOS,PSOL,6,SERVIÇOS CONTÁBEIS,21200.0,0.042714,1
28,KAREN SANTOS,PSOL,7,SERVIÇOS PRÓPRIOS PRESTADOS POR TERCEIROS,13000.0,0.026192,2
28,KAREN SANTOS,PSOL,8,LOCAÇÃO/CESSÃO DE BENS IMÓVEIS,7500.0,0.015111,1
28,KAREN SANTOS,PSOL,9,"ENCARGOS FINANCEIROS, TAXAS BANCÁRIAS E/OU OP. CARTÃO DE CRÉDITO",48.0,9.7e-05,10
28,KAREN SANTOS,PSOL,10,TAXA DE ADMINISTRAÇÃO DE FINANCIAMENTO COLETIVO,47.53,9.6e-05,1
29,KELLY MORAES,PL,1,ATIVIDADES DE MILITÂNCIA E MOBILIZAÇÃO DE RUA,61350.0,0.441347,37
29,KELLY MORAES,PL,2,DESPESAS COM PESSOAL,41200.0,0.296389,12
29,KELLY MORAES,PL,3,DESPESA COM IMPULSIONAMENTO DE CONTEÚDOS,15000.0,0.107909,2
29,KELLY MORAES,PL,4,SERVIÇOS CONTÁBEIS,10000.0,0.071939,1
29,KELLY MORAES,PL,5,PUBLICIDADE POR MATERIAIS IMPRESSOS,5054.0,0.036358,2
29,KELLY MORAES,PL,6,PUBLICIDADE POR ADESIVOS,3671.5,0.026412,2
29,KELLY MORAES,PL,7,COMBUSTÍVEIS E LUBRIFICANTES,2263.86,0.016286,1
29,KELLY MORAES,PL,8,ALIMENTAÇÃO,440.0,0.003165,1
29,KELLY MORAES,PL,9,"ENCARGOS FINANCEIROS, TAXAS BANCÁRIAS E/OU OP. CARTÃO DE CRÉDITO",27.0,0.000194,6
30,LEONEL RADDE,PT,1,PUBLICIDADE POR MATERIAIS IMPRESSOS,83852.5,0.403447,26
30,LEONEL RADDE,PT,2,ATIVIDADES DE MILITÂNCIA E MOBILIZAÇÃO DE RUA,73541.9,0.353839,32
30,LEONEL RADDE,PT,3,SERVIÇOS CONTÁBEIS,15000.0,0.072171,1
30,LEONEL RADDE,PT,4,CESSÃO OU LOCAÇÃO DE VEÍCULOS,12000.0,0.057737,2
30,LEONEL RADDE,PT,5,SERVIÇOS PRESTADOS POR TERCEIROS,9700.0,0.046671,2
30,LEONEL RADDE,PT,6,SERVIÇOS ADVOCATÍCIOS,8000.0,0.038491,1
30,LEONEL RADDE,PT,7,LOCAÇÃO/CESSÃO DE BENS IMÓVEIS,3200.0,0.015396,1
30,LEONEL RADDE,PT,8,COMBUSTÍVEIS E LUBRIFICANTES,1270.05,0.006111,6
30,LEONEL RADDE,PT,9,DESPESAS COM TRANSPORTE OU DESLOCAMENTO,916.3,0.004409,39
30,LEONEL RADDE,PT,10,TAXA DE ADMINISTRAÇÃO DE FINANCIAMENTO COLETIVO,224.81,0.001082,2
30,LEONEL RADDE,PT,11,CORRESPONDÊNCIAS E DESPESAS POSTAIS,81.4,0.000392,2
30,LEONEL RADDE,PT,12,"ENCARGOS FINANCEIROS, TAXAS BANCÁRIAS E/OU OP. CARTÃO DE CRÉDITO",53.04,0.000255,10
31,LUCIANA GENRO,PSOL,1,ATIVIDADES DE MILITÂNCIA E MOBILIZAÇÃO DE RUA,573109.1,0.584072,848
31,LUCIANA GENRO,PSOL,2,DESPESA COM IMPULSIONAMENTO DE CONTEÚDOS,223100.0,0.227368,17
31,LUCIANA GENRO,PSOL,3,PUBLICIDADE POR MATERIAIS IMPRESSOS,130600.66,0.133099,77
31,LUCIANA GENRO,PSOL,4,SERVIÇOS PRESTADOS POR TERCEIROS,39514.0,0.04027,5
31,LUCIANA GENRO,PSOL,5,EVENTOS DE PROMOÇÃO DA CANDIDATURA,4750.0,0.004841,1
31,LUCIANA GENRO,PSOL,6,COMBUSTÍVEIS E LUBRIFICANTES,3000.0,0.003057,1
31,LUCIANA GENRO,PSOL,7,PUBLICIDADE POR JORNAIS E REVISTAS,2558.02,0.002607,1
31,LUCIANA GENRO,PSOL,8,LOCAÇÃO/CESSÃO DE BENS IMÓVEIS,2500.0,0.002548,1
31,LUCIANA GENRO,PSOL,9,DESPESAS COM TRANSPORTE OU DESLOCAMENTO,1700.0,0.001733,2
31,LUCIANA GENRO,PSOL,10,"ENCARGOS FINANCEIROS, TAXAS BANCÁRIAS E/OU OP. CARTÃO DE CRÉDITO",399.0,0.000407,28
32,LUCIANO SILVEIRA,MDB,1,PUBLICIDADE POR MATERIAIS IMPRESSOS,105289.0,0.470175,43
32,LUCIANO SILVEIRA,MDB,2,DESPESA COM IMPULSIONAMENTO DE CONTEÚDOS,69000.0,0.308124,4
32,LUCIANO SILVEIRA,MDB,3,SERVIÇOS CONTÁBEIS,17568.5,0.078453,1
32,LUCIANO SILVEIRA,MDB,4,SERVIÇOS PRESTADOS POR TERCEIROS,17000.0,0.075915,1
32,LUCIANO SILVEIRA,MDB,5,LOCAÇÃO/CESSÃO DE BENS IMÓVEIS,6000.0,0.026793,1
32,LUCIANO SILVEIRA,MDB,6,CESSÃO OU LOCAÇÃO DE VEÍCULOS,5360.42,0.023937,1
32,LUCIANO SILVEIRA,MDB,7,SERVIÇOS ADVOCATÍCIOS,2431.5,0.010858,1
32,LUCIANO SILVEIRA,MDB,8,COMBUSTÍVEIS E LUBRIFICANTES,1286.52,0.005745,6
33,LUÍS FERNANDO PIRES,PP,1,DIVERSAS A ESPECIFICAR,120022.0,0.26815,6
33,LUÍS FERNANDO PIRES,PP,2,ATIVIDADES DE MILITÂNCIA E MOBILIZAÇÃO DE RUA,109580.0,0.24482,49
33,LUÍS FERNANDO PIRES,PP,3,PUBLICIDADE POR MATERIAIS IMPRESSOS,75367.0,0.168383,17
33,LUÍS FERNANDO PIRES,PP,4,PUBLICIDADE POR ADESIVOS,45597.0,0.101871,22
33,LUÍS FERNANDO PIRES,PP,5,CESSÃO OU LOCAÇÃO DE VEÍCULOS,25186.5,0.056271,6
33,LUÍS FERNANDO PIRES,PP,6,DESPESAS COM PESSOAL,22600.0,0.050492,5
33,LUÍS FERNANDO PIRES,PP,7,SERVIÇOS ADVOCATÍCIOS,12000.0,0.02681,1
33,LUÍS FERNANDO PIRES,PP,8,SERVIÇOS CONTÁBEIS,10000.0,0.022342,1
33,LUÍS FERNANDO PIRES,PP,9,COMBUSTÍVEIS E LUBRIFICANTES,9104.33,0.020341,32
33,LUÍS FERNANDO PIRES,PP,10,PUBLICIDADE POR JORNAIS E REVISTAS,7829.75,0.017493,5
33,LUÍS FERNANDO PIRES,PP,11,DESPESA COM IMPULSIONAMENTO DE CONTEÚDOS,6000.0,0.013405,3
33,LUÍS FERNANDO PIRES,PP,12,LOCAÇÃO/CESSÃO DE BENS IMÓVEIS,4000.0,0.008937,1
33,LUÍS FERNANDO PIRES,PP,13,PUBLICIDADE POR CARROS DE SOM,225.0,0.000503,1
33,LUÍS FERNANDO PIRES,PP,14,"ENCARGOS FINANCEIROS, TAXAS BANCÁRIAS E/OU OP. CARTÃO DE CRÉDITO",82.0,0.000183,18
34,MARCELO ARRUDA,PSD,1,PUBLICIDADE POR MATERIAIS IMPRESSOS,158660.0,0.561913,30
34,MARCELO ARRUDA,PSD,2,CRIAÇÃO E INCLUSÃO DE PÁGINAS NA INTERNET,39500.0,0.139894,1
34,MARCELO ARRUDA,PSD,3,ATIVIDADES DE MILITÂNCIA E MOBILIZAÇÃO DE RUA,19494.5,0.069042,11
34,MARCELO ARRUDA,PSD,4,LOCAÇÃO/CESSÃO DE BENS MÓVEIS (EXCETO VEÍCULOS),18000.0,0.063749,1
34,MARCELO ARRUDA,PSD,5,CESSÃO OU LOCAÇÃO DE VEÍCULOS,18000.0,0.063749,3
34,MARCELO ARRUDA,PSD,6,CORRESPONDÊNCIAS E DESPESAS POSTAIS,16849.25,0.059674,1
34,MARCELO ARRUDA,PSD,7,LOCAÇÃO/CESSÃO DE BENS IMÓVEIS,4000.0,0.014166,1
34,MARCELO ARRUDA,PSD,8,DESPESA COM IMPULSIONAMENTO DE CONTEÚDOS,3500.0,0.012396,2
34,MARCELO ARRUDA,PSD,9,COMBUSTÍVEIS E LUBRIFICANTES,2934.11,0.010391,3
34,MARCELO ARRUDA,PSD,10,DIVERSAS A ESPECIFICAR,1400.0,0.004958,1
34,MARCELO ARRUDA,PSD,11,"ENCARGOS FINANCEIROS, TAXAS BANCÁRIAS E/OU OP. CARTÃO DE CRÉDITO",19.0,6.7e-05,9
35,MARCUS VINÍCIUS,PP,1,DESPESAS COM PESSOAL,382352.0,0.53135,187
35,MARCUS VINÍCIUS,PP,2,PUBLICIDADE POR MATERIAIS IMPRESSOS,144982.77,0.201481,32
35,MARCUS VINÍCIUS,PP,3,LOCAÇÃO/CESSÃO DE BENS IMÓVEIS,45634.0,0.063417,7
35,MARCUS VINÍCIUS,PP,4,CESSÃO OU LOCAÇÃO DE VEÍCULOS,35181.9,0.048892,9
35,MARCUS VINÍCIUS,PP,5,PUBLICIDADE POR ADESIVOS,22921.58,0.031854,10
35,MARCUS VINÍCIUS,PP,6,DIVERSAS A ESPECIFICAR,21684.6,0.030135,25
35,MARCUS VINÍCIUS,PP,7,COMBUSTÍVEIS E LUBRIFICANTES,19881.06,0.027628,83
35,MARCUS VINÍCIUS,PP,8,SERVIÇOS CONTÁBEIS,15000.0,0.020845,1
35,MARCUS VINÍCIUS,PP,9,SERVIÇOS ADVOCATÍCIOS,15000.0,0.020845,1
35,MARCUS VINÍCIUS,PP,10,PUBLICIDADE POR JORNAIS E REVISTAS,7455.25,0.01036,4
35,MARCUS VINÍCIUS,PP,11,ALIMENTAÇÃO,4544.87,0.006316,6
35,MARCUS VINÍCIUS,PP,12,DESPESA COM IMPULSIONAMENTO DE CONTEÚDOS,3000.0,0.004169,2
35,MARCUS VINÍCIUS,PP,13,"PRODUÇÃO DE JINGLES, VINHETAS E SLOGANS",1500.0,0.002085,1
35,MARCUS VINÍCIUS,PP,14,CORRESPONDÊNCIAS E DESPESAS POSTAIS,438.3,0.000609,2
35,MARCUS VINÍCIUS,PP,15,ÁGUA,9.98,1.4e-05,2
36,MATHEUS GOMES,PSOL,1,PUBLICIDADE POR MATERIAIS IMPRESSOS,236422.0,0.430304,33
36,MATHEUS GOMES,PSOL,2,ATIVIDADES DE MILITÂNCIA E MOBILIZAÇÃO DE RUA,165005.0,0.30032,89
36,MATHEUS GOMES,PSOL,3,SERVIÇOS PRESTADOS POR TERCEIROS,86531.92,0.157494,9
36,MATHEUS GOMES,PSOL,4,EVENTOS DE PROMOÇÃO DA CANDIDATURA,14770.0,0.026882,2
36,MATHEUS GOMES,PSOL,5,LOCAÇÃO/CESSÃO DE BENS IMÓVEIS,13915.45,0.025327,3
36,MATHEUS GOMES,PSOL,6,DESPESA COM IMPULSIONAMENTO DE CONTEÚDOS,10000.0,0.018201,2
36,MATHEUS GOMES,PSOL,7,"SEGURANÇA E PREVENÇÃO, REPRESSÃO E COMBATE À VIOLÊNCIA POLÍTICA",6500.0,0.01183,1
36,MATHEUS GOMES,PSOL,8,CESSÃO OU LOCAÇÃO DE VEÍCULOS,4700.0,0.008554,1
36,MATHEUS GOMES,PSOL,9,DESPESAS COM TRANSPORTE OU DESLOCAMENTO,3800.0,0.006916,2
36,MATHEUS GOMES,PSOL,10,CORRESPONDÊNCIAS E DESPESAS POSTAIS,3339.35,0.006078,64
36,MATHEUS GOMES,PSOL,11,LOCAÇÃO/CESSÃO DE BENS MÓVEIS (EXCETO VEÍCULOS),1538.0,0.002799,3
36,MATHEUS GOMES,PSOL,12,DIVERSAS A ESPECIFICAR,1527.25,0.00278,25
36,MATHEUS GOMES,PSOL,13,COMBUSTÍVEIS E LUBRIFICANTES,881.4,0.001604,6
36,MATHEUS GOMES,PSOL,14,MATERIAIS DE EXPEDIENTE,368.93,0.000671,8
36,MATHEUS GOMES,PSOL,15,"ENCARGOS FINANCEIROS, TAXAS BANCÁRIAS E/OU OP. CARTÃO DE CRÉDITO",130.3,0.000237,21
36,MATHEUS GOMES,PSOL,16,TAXA DE ADMINISTRAÇÃO DE FINANCIAMENTO COLETIVO,1.09,2e-06,1
37,MIGUEL ROSSETTO,PT,1,ATIVIDADES DE MILITÂNCIA E MOBILIZAÇÃO DE RUA,130235.0,0.374723,59
37,MIGUEL ROSSETTO,PT,2,DESPESAS COM PESSOAL,45400.0,0.130629,7
37,MIGUEL ROSSETTO,PT,3,DESPESA COM IMPULSIONAMENTO DE CONTEÚDOS,40000.0,0.115091,6
37,MIGUEL ROSSETTO,PT,4,LOCAÇÃO/CESSÃO DE BENS IMÓVEIS,34161.1,0.098291,3
37,MIGUEL ROSSETTO,PT,5,PUBLICIDADE POR MATERIAIS IMPRESSOS,27940.0,0.080391,9
37,MIGUEL ROSSETTO,PT,6,PUBLICIDADE POR JORNAIS E REVISTAS,19846.45,0.057104,11
37,MIGUEL ROSSETTO,PT,7,SERVIÇOS PRESTADOS POR TERCEIROS,16580.0,0.047705,5
37,MIGUEL ROSSETTO,PT,8,CORRESPONDÊNCIAS E DESPESAS POSTAIS,15955.5,0.045909,1
37,MIGUEL ROSSETTO,PT,9,SERVIÇOS CONTÁBEIS,11000.0,0.03165,1
37,MIGUEL ROSSETTO,PT,10,COMBUSTÍVEIS E LUBRIFICANTES,4000.0,0.011509,2
37,MIGUEL ROSSETTO,PT,11,"PRODUÇÃO DE PROGRAMAS DE RÁDIO, TELEVISÃO OU VÍDEO",2240.0,0.006445,1
37,MIGUEL ROSSETTO,PT,12,DIVERSAS A ESPECIFICAR,100.0,0.000288,1
37,MIGUEL ROSSETTO,PT,13,TAXA DE ADMINISTRAÇÃO DE FINANCIAMENTO COLETIVO,91.96,0.000265,2
38,MOISÉS BARBOZA,PSDB,1,DESPESA COM IMPULSIONAMENTO DE CONTEÚDOS,36000.0,0.46596,3
38,MOISÉS BARBOZA,PSDB,2,LOCAÇÃO/CESSÃO DE BENS IMÓVEIS,35000.0,0.453017,1
38,MOISÉS BARBOZA,PSDB,3,PUBLICIDADE POR ADESIVOS,4219.0,0.054608,11
38,MOISÉS BARBOZA,PSDB,4,PUBLICIDADE POR MATERIAIS IMPRESSOS,2025.0,0.02621,2
38,MOISÉS BARBOZA,PSDB,5,TAXA DE ADMINISTRAÇÃO DE FINANCIAMENTO COLETIVO,15.8,0.000205,1
39,NATASHA,PT,1,DESPESA COM IMPULSIONAMENTO DE CONTEÚDOS,90000.0,0.322484,3
39,NATASHA,PT,2,PUBLICIDADE POR MATERIAIS IMPRESSOS,87781.3,0.314534,23
39,NATASHA,PT,3,ATIVIDADES DE MILITÂNCIA E MOBILIZAÇÃO DE RUA,41413.0,0.148389,21
39,NATASHA,PT,4,SERVIÇOS ADVOCATÍCIOS,20000.0,0.071663,1
39,NATASHA,PT,5,DESPESAS COM PESSOAL,9000.0,0.032248,2
39,NATASHA,PT,6,SERVIÇOS CONTÁBEIS,8000.0,0.028665,1
39,NATASHA,PT,7,LOCAÇÃO/CESSÃO DE BENS IMÓVEIS,8000.0,0.028665,1
39,NATASHA,PT,8,SERVIÇOS PRESTADOS POR TERCEIROS,7770.0,0.027841,2
39,NATASHA,PT,9,AQUISIÇÃO/DOAÇÃO DE BENS MÓVEIS OU IMÓVEIS,5296.77,0.018979,2
39,NATASHA,PT,10,PUBLICIDADE POR ADESIVOS,1650.0,0.005912,1
39,NATASHA,PT,11,TAXA DE ADMINISTRAÇÃO DE FINANCIAMENTO COLETIVO,150.28,0.000538,2
39,NATASHA,PT,12,"ENCARGOS FINANCEIROS, TAXAS BANCÁRIAS E/OU OP. CARTÃO DE CRÉDITO",22.5,8.1e-05,6
40,NICOLE WEBER COVATTI,PP,1,PUBLICIDADE POR MATERIAIS IMPRESSOS,142958.0,0.289412,16
40,NICOLE WEBER COVATTI,PP,2,DESPESA COM IMPULSIONAMENTO DE CONTEÚDOS,105000.0,0.212568,3
40,NICOLE WEBER COVATTI,PP,3,ATIVIDADES DE MILITÂNCIA E MOBILIZAÇÃO DE RUA,91250.0,0.184731,124
40,NICOLE WEBER COVATTI,PP,4,CESSÃO OU LOCAÇÃO DE VEÍCULOS,86628.0,0.175374,12
40,NICOLE WEBER COVATTI,PP,5,LOCAÇÃO/CESSÃO DE BENS IMÓVEIS,33000.0,0.066807,1
40,NICOLE WEBER COVATTI,PP,6,SERVIÇOS ADVOCATÍCIOS,9600.0,0.019435,1
40,NICOLE WEBER COVATTI,PP,7,PUBLICIDADE POR ADESIVOS,9500.0,0.019232,1
40,NICOLE WEBER COVATTI,PP,8,COMBUSTÍVEIS E LUBRIFICANTES,7868.07,0.015929,15
40,NICOLE WEBER COVATTI,PP,9,SERVIÇOS CONTÁBEIS,4000.0,0.008098,1
40,NICOLE WEBER COVATTI,PP,10,"PRODUÇÃO DE JINGLES, VINHETAS E SLOGANS",2500.0,0.005061,1
40,NICOLE WEBER COVATTI,PP,11,CORRESPONDÊNCIAS E DESPESAS POSTAIS,600.7,0.001216,1
40,NICOLE WEBER COVATTI,PP,12,DESPESAS COM HOSPEDAGEM,572.95,0.00116,1
40,NICOLE WEBER COVATTI,PP,13,ALIMENTAÇÃO,481.13,0.000974,2
40,NICOLE WEBER COVATTI,PP,14,"ENCARGOS FINANCEIROS, TAXAS BANCÁRIAS E/OU OP. CARTÃO DE CRÉDITO",1.5,3e-06,1
41,PAPARICO BACCHI,PL,1,PUBLICIDADE POR MATERIAIS IMPRESSOS,450782.79,0.466508,29
41,PAPARICO BACCHI,PL,2,DESPESAS COM PESSOAL,175550.0,0.181674,37
41,PAPARICO BACCHI,PL,3,DESPESA COM IMPULSIONAMENTO DE CONTEÚDOS,97000.0,0.100384,5
41,PAPARICO BACCHI,PL,4,PUBLICIDADE POR JORNAIS E REVISTAS,61930.8,0.064091,20
41,PAPARICO BACCHI,PL,5,SERVIÇOS ADVOCATÍCIOS,50000.0,0.051744,2
41,PAPARICO BACCHI,PL,6,SERVIÇOS PRESTADOS POR TERCEIROS,31500.0,0.032599,5
41,PAPARICO BACCHI,PL,7,PUBLICIDADE POR ADESIVOS,27665.0,0.02863,17
41,PAPARICO BACCHI,PL,8,COMBUSTÍVEIS E LUBRIFICANTES,22715.45,0.023508,26
41,PAPARICO BACCHI,PL,9,LOCAÇÃO/CESSÃO DE BENS IMÓVEIS,19650.0,0.020335,4
41,PAPARICO BACCHI,PL,10,CESSÃO OU LOCAÇÃO DE VEÍCULOS,16500.0,0.017076,1
41,PAPARICO BACCHI,PL,11,SERVIÇOS CONTÁBEIS,10000.0,0.010349,1
41,PAPARICO BACCHI,PL,12,MATERIAIS DE EXPEDIENTE,1967.66,0.002036,47
41,PAPARICO BACCHI,PL,13,PUBLICIDADE POR CARROS DE SOM,650.0,0.000673,1
41,PAPARICO BACCHI,PL,14,LOCAÇÃO/CESSÃO DE BENS MÓVEIS (EXCETO VEÍCULOS),380.0,0.000393,1
42,PEPE VARGAS,PT,1,DESPESA COM IMPULSIONAMENTO DE CONTEÚDOS,114000.0,0.309826,9
42,PEPE VARGAS,PT,2,PUBLICIDADE POR MATERIAIS IMPRESSOS,70545.0,0.191725,9
42,PEPE VARGAS,PT,3,ATIVIDADES DE MILITÂNCIA E MOBILIZAÇÃO DE RUA,64156.0,0.174361,39
42,PEPE VARGAS,PT,4,SERVIÇOS PRESTADOS POR TERCEIROS,25300.0,0.06876,3
42,PEPE VARGAS,PT,5,SERVIÇOS ADVOCATÍCIOS,20000.0,0.054355,1
42,PEPE VARGAS,PT,6,LOCAÇÃO/CESSÃO DE BENS IMÓVEIS,20000.0,0.054355,1
42,PEPE VARGAS,PT,7,EVENTOS DE PROMOÇÃO DA CANDIDATURA,16040.0,0.043593,1
42,PEPE VARGAS,PT,8,PUBLICIDADE POR JORNAIS E REVISTAS,15739.32,0.042776,11
42,PEPE VARGAS,PT,9,PUBLICIDADE POR ADESIVOS,7820.0,0.021253,4
42,PEPE VARGAS,PT,10,COMBUSTÍVEIS E LUBRIFICANTES,7062.6,0.019195,12
42,PEPE VARGAS,PT,11,SERVIÇOS CONTÁBEIS,5000.0,0.013589,1
42,PEPE VARGAS,PT,12,CESSÃO OU LOCAÇÃO DE VEÍCULOS,2120.5,0.005763,1
42,PEPE VARGAS,PT,13,TAXA DE ADMINISTRAÇÃO DE FINANCIAMENTO COLETIVO,165.26,0.000449,1
43,PROFESSOR CLÁUDIO BRANCHIERI,PL,1,ATIVIDADES DE MILITÂNCIA E MOBILIZAÇÃO DE RUA,304735.0,0.281029,124
43,PROFESSOR CLÁUDIO BRANCHIERI,PL,2,PUBLICIDADE POR MATERIAIS IMPRESSOS,230087.5,0.212188,38
43,PROFESSOR CLÁUDIO BRANCHIERI,PL,3,DESPESA COM IMPULSIONAMENTO DE CONTEÚDOS,200000.0,0.184442,3
43,PROFESSOR CLÁUDIO BRANCHIERI,PL,4,DESPESAS COM PESSOAL,108700.0,0.100244,20
43,PROFESSOR CLÁUDIO BRANCHIERI,PL,5,SERVIÇOS PRESTADOS POR TERCEIROS,84120.0,0.077576,4
43,PROFESSOR CLÁUDIO BRANCHIERI,PL,6,SERVIÇOS ADVOCATÍCIOS,30000.0,0.027666,1
43,PROFESSOR CLÁUDIO BRANCHIERI,PL,7,LOCAÇÃO/CESSÃO DE BENS IMÓVEIS,22000.0,0.020289,2
43,PROFESSOR CLÁUDIO BRANCHIERI,PL,8,DOAÇÕES FINANCEIRAS A OUTROS CANDIDATOS/PARTIDOS,21500.0,0.019827,2
43,PROFESSOR CLÁUDIO BRANCHIERI,PL,9,SERVIÇOS CONTÁBEIS,20000.0,0.018444,1
43,PROFESSOR CLÁUDIO BRANCHIERI,PL,10,"PRODUÇÃO DE PROGRAMAS DE RÁDIO, TELEVISÃO OU VÍDEO",15000.0,0.013833,1
43,PROFESSOR CLÁUDIO BRANCHIERI,PL,11,DESPESAS COM TRANSPORTE OU DESLOCAMENTO,10050.0,0.009268,5
43,PROFESSOR CLÁUDIO BRANCHIERI,PL,12,CORRESPONDÊNCIAS E DESPESAS POSTAIS,8920.99,0.008227,5
43,PROFESSOR CLÁUDIO BRANCHIERI,PL,13,CESSÃO OU LOCAÇÃO DE VEÍCULOS,8709.73,0.008032,3
43,PROFESSOR CLÁUDIO BRANCHIERI,PL,14,PUBLICIDADE POR ADESIVOS,7640.0,0.007046,4
43,PROFESSOR CLÁUDIO BRANCHIERI,PL,15,COMBUSTÍVEIS E LUBRIFICANTES,4653.73,0.004292,17
43,PROFESSOR CLÁUDIO BRANCHIERI,PL,16,DIVERSAS A ESPECIFICAR,3494.07,0.003222,7
43,PROFESSOR CLÁUDIO BRANCHIERI,PL,17,PUBLICIDADE POR JORNAIS E REVISTAS,2050.0,0.001891,2
43,PROFESSOR CLÁUDIO BRANCHIERI,PL,18,LOCAÇÃO/CESSÃO DE BENS MÓVEIS (EXCETO VEÍCULOS),1388.65,0.001281,3
43,PROFESSOR CLÁUDIO BRANCHIERI,PL,19,ALIMENTAÇÃO,896.0,0.000826,1
43,PROFESSOR CLÁUDIO BRANCHIERI,PL,20,"ENCARGOS FINANCEIROS, TAXAS BANCÁRIAS E/OU OP. CARTÃO DE CRÉDITO",408.7,0.000377,34
44,RAFAEL BRAGA,MDB,1,PUBLICIDADE POR MATERIAIS IMPRESSOS,121285.0,0.437544,52
44,RAFAEL BRAGA,MDB,2,ATIVIDADES DE MILITÂNCIA E MOBILIZAÇÃO DE RUA,108049.95,0.389798,44
44,RAFAEL BRAGA,MDB,3,DESPESA COM IMPULSIONAMENTO DE CONTEÚDOS,16830.0,0.060715,5
44,RAFAEL BRAGA,MDB,4,PUBLICIDADE POR ADESIVOS,15800.0,0.057,2
44,RAFAEL BRAGA,MDB,5,PUBLICIDADE POR JORNAIS E REVISTAS,8330.0,0.030051,3
44,RAFAEL BRAGA,MDB,6,SERVIÇOS CONTÁBEIS,3500.0,0.012626,1
44,RAFAEL BRAGA,MDB,7,CRIAÇÃO E INCLUSÃO DE PÁGINAS NA INTERNET,3000.0,0.010823,1
44,RAFAEL BRAGA,MDB,8,"PRODUÇÃO DE JINGLES, VINHETAS E SLOGANS",400.0,0.001443,1
45,RAMIRO ROSÁRIO,Novo,1,DOAÇÕES FINANCEIRAS A OUTROS CANDIDATOS/PARTIDOS,166500.0,0.373449,8
45,RAMIRO ROSÁRIO,Novo,2,PUBLICIDADE POR MATERIAIS IMPRESSOS,86065.19,0.193039,23
45,RAMIRO ROSÁRIO,Novo,3,SERVIÇOS PRESTADOS POR TERCEIROS,48636.97,0.10909,6
45,RAMIRO ROSÁRIO,Novo,4,PUBLICIDADE POR ADESIVOS,23936.48,0.053688,22
45,RAMIRO ROSÁRIO,Novo,5,DESPESA COM IMPULSIONAMENTO DE CONTEÚDOS,23600.0,0.052933,7
45,RAMIRO ROSÁRIO,Novo,6,SERVIÇOS PRÓPRIOS PRESTADOS POR TERCEIROS,21397.78,0.047994,2
45,RAMIRO ROSÁRIO,Novo,7,ATIVIDADES DE MILITÂNCIA E MOBILIZAÇÃO DE RUA,21358.68,0.047906,12
45,RAMIRO ROSÁRIO,Novo,8,SERVIÇOS ADVOCATÍCIOS,20000.0,0.044859,2
45,RAMIRO ROSÁRIO,Novo,9,CORRESPONDÊNCIAS E DESPESAS POSTAIS,19293.31,0.043274,2
45,RAMIRO ROSÁRIO,Novo,10,PUBLICIDADE POR JORNAIS E REVISTAS,12400.0,0.027812,1
45,RAMIRO ROSÁRIO,Novo,11,LOCAÇÃO/CESSÃO DE BENS IMÓVEIS,2500.0,0.005607,1
45,RAMIRO ROSÁRIO,Novo,12,"ENCARGOS FINANCEIROS, TAXAS BANCÁRIAS E/OU OP. CARTÃO DE CRÉDITO",155.5,0.000349,22
46,ROBERTO LUCCHESE,MDB,1,PUBLICIDADE POR JORNAIS E REVISTAS,77418.0,0.639195,13
46,ROBERTO LUCCHESE,MDB,2,PUBLICIDADE POR MATERIAIS IMPRESSOS,15000.0,0.123846,1
46,ROBERTO LUCCHESE,MDB,3,DESPESA COM IMPULSIONAMENTO DE CONTEÚDOS,15000.0,0.123846,4
46,ROBERTO LUCCHESE,MDB,4,LOCAÇÃO/CESSÃO DE BENS IMÓVEIS,10000.0,0.082564,1
46,ROBERTO LUCCHESE,MDB,5,DIVERSAS A ESPECIFICAR,3700.0,0.030549,3
47,RONALDO SANTINI,Podemos,1,PUBLICIDADE POR MATERIAIS IMPRESSOS,77689.54,0.425815,52
47,RONALDO SANTINI,Podemos,2,ATIVIDADES DE MILITÂNCIA E MOBILIZAÇÃO DE RUA,54350.0,0.297891,40
47,RONALDO SANTINI,Podemos,3,DESPESA COM IMPULSIONAMENTO DE CONTEÚDOS,20000.0,0.10962,3
47,RONALDO SANTINI,Podemos,4,COMBUSTÍVEIS E LUBRIFICANTES,15500.0,0.084955,3
47,RONALDO SANTINI,Podemos,5,PUBLICIDADE POR ADESIVOS,9396.14,0.0515,6
47,RONALDO SANTINI,Podemos,6,LOCAÇÃO/CESSÃO DE BENS IMÓVEIS,5500.0,0.030145,2
47,RONALDO SANTINI,Podemos,7,"ENCARGOS FINANCEIROS, TAXAS BANCÁRIAS E/OU OP. CARTÃO DE CRÉDITO",13.5,7.4e-05,2
48,RONIZE DAMASSINI,PP,1,ATIVIDADES DE MILITÂNCIA E MOBILIZAÇÃO DE RUA,212000.0,0.452893,115
48,RONIZE DAMASSINI,PP,2,PUBLICIDADE POR MATERIAIS IMPRESSOS,128335.0,0.274161,16
48,RONIZE DAMASSINI,PP,3,"PRODUÇÃO DE PROGRAMAS DE RÁDIO, TELEVISÃO OU VÍDEO",25000.0,0.053407,1
48,RONIZE DAMASSINI,PP,4,SERVIÇOS PRESTADOS POR TERCEIROS,23900.0,0.051057,1
48,RONIZE DAMASSINI,PP,5,DESPESAS COM PESSOAL,21500.0,0.04593,2
48,RONIZE DAMASSINI,PP,6,PUBLICIDADE POR ADESIVOS,21300.0,0.045503,2
48,RONIZE DAMASSINI,PP,7,CESSÃO OU LOCAÇÃO DE VEÍCULOS,11000.0,0.023499,1
48,RONIZE DAMASSINI,PP,8,SERVIÇOS ADVOCATÍCIOS,9600.0,0.020508,1
48,RONIZE DAMASSINI,PP,9,SERVIÇOS CONTÁBEIS,4000.0,0.008545,1
48,RONIZE DAMASSINI,PP,10,COMBUSTÍVEIS E LUBRIFICANTES,2946.2,0.006294,10
48,RONIZE DAMASSINI,PP,11,ALIMENTAÇÃO,2585.04,0.005522,13
48,RONIZE DAMASSINI,PP,12,"PRODUÇÃO DE JINGLES, VINHETAS E SLOGANS",2500.0,0.005341,1
48,RONIZE DAMASSINI,PP,13,LOCAÇÃO/CESSÃO DE BENS IMÓVEIS,1700.0,0.003632,1
48,RONIZE DAMASSINI,PP,14,CORRESPONDÊNCIAS E DESPESAS POSTAIS,1062.2,0.002269,2
48,RONIZE DAMASSINI,PP,15,DESPESAS COM HOSPEDAGEM,572.95,0.001224,1
48,RONIZE DAMASSINI,PP,16,"ENCARGOS FINANCEIROS, TAXAS BANCÁRIAS E/OU OP. CARTÃO DE CRÉDITO",64.5,0.000138,9
48,RONIZE DAMASSINI,PP,17,MATERIAIS DE EXPEDIENTE,35.4,7.6e-05,1
49,SALMO,PP,1,PUBLICIDADE POR MATERIAIS IMPRESSOS,192121.0,0.670342,14
49,SALMO,PP,2,CESSÃO OU LOCAÇÃO DE VEÍCULOS,52860.0,0.184437,9
49,SALMO,PP,3,COMBUSTÍVEIS E LUBRIFICANTES,16835.6,0.058742,76
49,SALMO,PP,4,SERVIÇOS CONTÁBEIS,12000.0,0.04187,1
49,SALMO,PP,5,PUBLICIDADE POR ADESIVOS,8115.0,0.028315,1
49,SALMO,PP,6,DESPESA COM IMPULSIONAMENTO DE CONTEÚDOS,3000.0,0.010467,1
49,SALMO,PP,7,PUBLICIDADE POR JORNAIS E REVISTAS,1670.0,0.005827,2
50,SCALCO,PL,1,SERVIÇOS PRESTADOS POR TERCEIROS,215960.0,0.565622,62
50,SCALCO,PL,2,PUBLICIDADE POR MATERIAIS IMPRESSOS,81237.0,0.212768,7
50,SCALCO,PL,3,DESPESA COM IMPULSIONAMENTO DE CONTEÚDOS,42500.0,0.111312,3
50,SCALCO,PL,4,PUBLICIDADE POR ADESIVOS,24911.42,0.065246,13
50,SCALCO,PL,5,LOCAÇÃO/CESSÃO DE BENS IMÓVEIS,10600.0,0.027763,1
50,SCALCO,PL,6,LOCAÇÃO/CESSÃO DE BENS MÓVEIS (EXCETO VEÍCULOS),5900.0,0.015453,1
50,SCALCO,PL,7,MATERIAIS DE EXPEDIENTE,664.01,0.001739,1
50,SCALCO,PL,8,"ENCARGOS FINANCEIROS, TAXAS BANCÁRIAS E/OU OP. CARTÃO DE CRÉDITO",37.0,9.7e-05,8
51,SERGIO PERES,Republicanos,1,ATIVIDADES DE MILITÂNCIA E MOBILIZAÇÃO DE RUA,108000.0,0.541678,45
51,SERGIO PERES,Republicanos,2,PUBLICIDADE POR MATERIAIS IMPRESSOS,28020.0,0.140535,5
51,SERGIO PERES,Republicanos,3,DESPESA COM IMPULSIONAMENTO DE CONTEÚDOS,19750.0,0.099057,3
51,SERGIO PERES,Republicanos,4,CESSÃO OU LOCAÇÃO DE VEÍCULOS,14443.6,0.072442,2
51,SERGIO PERES,Republicanos,5,SERVIÇOS ADVOCATÍCIOS,11000.0,0.055171,1
51,SERGIO PERES,Republicanos,6,COMBUSTÍVEIS E LUBRIFICANTES,9835.16,0.049329,40
51,SERGIO PERES,Republicanos,7,CRIAÇÃO E INCLUSÃO DE PÁGINAS NA INTERNET,4600.0,0.023071,2
51,SERGIO PERES,Republicanos,8,SERVIÇOS CONTÁBEIS,3000.0,0.015047,1
51,SERGIO PERES,Republicanos,9,LOCAÇÃO/CESSÃO DE BENS IMÓVEIS,700.0,0.003511,1
51,SERGIO PERES,Republicanos,10,"ENCARGOS FINANCEIROS, TAXAS BANCÁRIAS E/OU OP. CARTÃO DE CRÉDITO",31.5,0.000158,16
52,SOFIA CAVEDON,PT,1,ATIVIDADES DE MILITÂNCIA E MOBILIZAÇÃO DE RUA,348409.0,0.441762,126
52,SOFIA CAVEDON,PT,2,PUBLICIDADE POR MATERIAIS IMPRESSOS,151415.84,0.191986,68
52,SOFIA CAVEDON,PT,3,DESPESA COM IMPULSIONAMENTO DE CONTEÚDOS,45000.0,0.057057,6
52,SOFIA CAVEDON,PT,4,PUBLICIDADE POR JORNAIS E REVISTAS,43182.0,0.054752,14
52,SOFIA CAVEDON,PT,5,CORRESPONDÊNCIAS E DESPESAS POSTAIS,39727.1,0.050372,3
52,SOFIA CAVEDON,PT,6,LOCAÇÃO/CESSÃO DE BENS IMÓVEIS,39150.0,0.04964,3
52,SOFIA CAVEDON,PT,7,DESPESAS COM TRANSPORTE OU DESLOCAMENTO,37337.85,0.047342,55
52,SOFIA CAVEDON,PT,8,PUBLICIDADE POR ADESIVOS,21820.5,0.027667,10
52,SOFIA CAVEDON,PT,9,DESPESAS COM PESSOAL,12251.0,0.015534,2
52,SOFIA CAVEDON,PT,10,PUBLICIDADE POR CARROS DE SOM,10500.0,0.013313,1
52,SOFIA CAVEDON,PT,11,SERVIÇOS CONTÁBEIS,10000.0,0.012679,2
52,SOFIA CAVEDON,PT,12,AQUISIÇÃO/DOAÇÃO DE BENS MÓVEIS OU IMÓVEIS,9600.0,0.012172,2
52,SOFIA CAVEDON,PT,13,EVENTOS DE PROMOÇÃO DA CANDIDATURA,6650.0,0.008432,2
52,SOFIA CAVEDON,PT,14,COMBUSTÍVEIS E LUBRIFICANTES,6450.0,0.008178,9
52,SOFIA CAVEDON,PT,15,SERVIÇOS ADVOCATÍCIOS,3000.0,0.003804,1
52,SOFIA CAVEDON,PT,16,"PRODUÇÃO DE JINGLES, VINHETAS E SLOGANS",2000.0,0.002536,1
52,SOFIA CAVEDON,PT,17,DOAÇÕES FINANCEIRAS A OUTROS CANDIDATOS/PARTIDOS,1700.0,0.002155,2
52,SOFIA CAVEDON,PT,18,ENERGIA ELÉTRICA,487.02,0.000618,1
53,TIAGO CADÓ,PDT,1,PUBLICIDADE POR MATERIAIS IMPRESSOS,132770.0,0.368713,9
53,TIAGO CADÓ,PDT,2,ATIVIDADES DE MILITÂNCIA E MOBILIZAÇÃO DE RUA,115850.0,0.321725,61
53,TIAGO CADÓ,PDT,3,PUBLICIDADE POR CARROS DE SOM,33000.0,0.091644,1
53,TIAGO CADÓ,PDT,4,DESPESA COM IMPULSIONAMENTO DE CONTEÚDOS,26799.0,0.074423,14
53,TIAGO CADÓ,PDT,5,EVENTOS DE PROMOÇÃO DA CANDIDATURA,13575.0,0.037699,1
53,TIAGO CADÓ,PDT,6,DESPESAS COM TRANSPORTE OU DESLOCAMENTO,11855.0,0.032922,2
53,TIAGO CADÓ,PDT,7,LOCAÇÃO/CESSÃO DE BENS IMÓVEIS,9800.0,0.027215,5
53,TIAGO CADÓ,PDT,8,CESSÃO OU LOCAÇÃO DE VEÍCULOS,4980.0,0.01383,1
53,TIAGO CADÓ,PDT,9,SERVIÇOS CONTÁBEIS,4863.0,0.013505,1
53,TIAGO CADÓ,PDT,10,COMBUSTÍVEIS E LUBRIFICANTES,3677.34,0.010212,4
53,TIAGO CADÓ,PDT,11,SERVIÇOS ADVOCATÍCIOS,1621.0,0.004502,1
53,TIAGO CADÓ,PDT,12,"PRODUÇÃO DE JINGLES, VINHETAS E SLOGANS",1300.0,0.00361,1
54,VANICE DE MATOS,PL,1,ATIVIDADES DE MILITÂNCIA E MOBILIZAÇÃO DE RUA,212900.0,0.453412,81
54,VANICE DE MATOS,PL,2,SERVIÇOS PRESTADOS POR TERCEIROS,112000.0,0.238526,6
54,VANICE DE MATOS,PL,3,CESSÃO OU LOCAÇÃO DE VEÍCULOS,70000.0,0.149079,6
54,VANICE DE MATOS,PL,4,LOCAÇÃO/CESSÃO DE BENS IMÓVEIS,27404.4,0.058363,9
54,VANICE DE MATOS,PL,5,SERVIÇOS ADVOCATÍCIOS,20000.0,0.042594,1
54,VANICE DE MATOS,PL,6,DESPESA COM IMPULSIONAMENTO DE CONTEÚDOS,18500.0,0.039399,7
54,VANICE DE MATOS,PL,7,PUBLICIDADE POR MATERIAIS IMPRESSOS,5135.0,0.010936,5
54,VANICE DE MATOS,PL,8,SERVIÇOS CONTÁBEIS,2500.0,0.005324,2
54,VANICE DE MATOS,PL,9,COMBUSTÍVEIS E LUBRIFICANTES,874.44,0.001862,3
54,VANICE DE MATOS,PL,10,"ENCARGOS FINANCEIROS, TAXAS BANCÁRIAS E/OU OP. CARTÃO DE CRÉDITO",237.4,0.000506,14
55,ZÉ NUNES,PT,1,PUBLICIDADE POR MATERIAIS IMPRESSOS,195373.0,0.418577,59
55,ZÉ NUNES,PT,2,LOCAÇÃO/CESSÃO DE BENS IMÓVEIS,46288.01,0.09917,16
55,ZÉ NUNES,PT,3,ATIVIDADES DE MILITÂNCIA E MOBILIZAÇÃO DE RUA,46095.0,0.098756,25
55,ZÉ NUNES,PT,4,DESPESA COM IMPULSIONAMENTO DE CONTEÚDOS,46000.0,0.098553,9
55,ZÉ NUNES,PT,5,CESSÃO OU LOCAÇÃO DE VEÍCULOS,42260.0,0.09054,16
55,ZÉ NUNES,PT,6,SERVIÇOS ADVOCATÍCIOS,25000.0,0.053561,1
55,ZÉ NUNES,PT,7,CORRESPONDÊNCIAS E DESPESAS POSTAIS,22312.4,0.047803,4
55,ZÉ NUNES,PT,8,COMBUSTÍVEIS E LUBRIFICANTES,16746.81,0.035879,40
55,ZÉ NUNES,PT,9,EVENTOS DE PROMOÇÃO DA CANDIDATURA,6800.0,0.014569,4
55,ZÉ NUNES,PT,10,PUBLICIDADE POR CARROS DE SOM,6540.0,0.014012,3
55,ZÉ NUNES,PT,11,DESPESAS COM PESSOAL,6000.0,0.012855,5
55,ZÉ NUNES,PT,12,SERVIÇOS CONTÁBEIS,5000.0,0.010712,1
55,ZÉ NUNES,PT,13,SERVIÇOS PRESTADOS POR TERCEIROS,2340.0,0.005013,2
