ID deputado,Deputado(a),Partido,Posição na lista,Doador,CPF/CNPJ,Tipo de documento,Valor (R$),Doações (qtd),% da receita bruta do deputado,Observação
1,AFONSO HAMM,PP,1,DIREÇÃO NACIONAL - PP,00.887.169/0001-05,CNPJ,2636555.2,3,0.912759,
1,AFONSO HAMM,PP,2,MARCIO CESAR BRAGAGNOLO,***.614.500-**,CPF,30000.0,1,0.010386,
1,AFONSO HAMM,PP,3,JOAO RENATO TONIAZZO,***.001.440-**,CPF,19000.0,3,0.006578,
1,AFONSO HAMM,PP,4,DIREÇÃO ESTADUAL/DISTRITAL - PP - RIO GRANDE DO SUL,74.703.034/0001-89,CNPJ,15000.0,1,0.005193,
1,AFONSO HAMM,PP,5,ADAIR NAZARENO CASAROTTO,***.403.070-**,CPF,14000.0,2,0.004847,
1,AFONSO HAMM,PP,6,LEONEL XIMENDES VIEIRA,***.002.310-**,CPF,14000.0,2,0.004847,
1,AFONSO HAMM,PP,7,ANGELA MARIA LOPES LIMA,***.794.800-**,CPF,7000.0,1,0.002423,
1,AFONSO HAMM,PP,8,CARLOS ALBERTO BORDIN,***.723.870-**,CPF,7000.0,1,0.002423,
1,AFONSO HAMM,PP,9,CLEBER ZULIANI CARVALHO,***.308.390-**,CPF,7000.0,1,0.002423,
1,AFONSO HAMM,PP,10,ELIZANDRO DOS SANTOS DIAS,***.602.710-**,CPF,7000.0,1,0.002423,
1,AFONSO HAMM,PP,11,FABIANA DA SILVA ZAVARISE,***.037.390-**,CPF,7000.0,1,0.002423,
1,AFONSO HAMM,PP,12,FLAVIO DOMINGUES RODRIGUES,***.601.480-**,CPF,7000.0,1,0.002423,
1,AFONSO HAMM,PP,13,GILBERTO ANTONIO FRIGO,***.545.700-**,CPF,7000.0,1,0.002423,
1,AFONSO HAMM,PP,14,HIAGO REIS BICHET,***.984.110-**,CPF,7000.0,1,0.002423,
1,AFONSO HAMM,PP,15,LILIANE RODRIGUES ORTIZ,***.057.880-**,CPF,7000.0,1,0.002423,
1,AFONSO HAMM,PP,16,MARCIA GODINHO MARINHO,***.247.830-**,CPF,7000.0,1,0.002423,
1,AFONSO HAMM,PP,17,MICHELE BENETTI SCARIOT,***.799.590-**,CPF,7000.0,1,0.002423,
1,AFONSO HAMM,PP,18,NORTON NEI CORREA FERREIRA,***.748.600-**,CPF,7000.0,1,0.002423,
1,AFONSO HAMM,PP,19,OSMAR ANTONIO BRESSAN,***.306.170-**,CPF,7000.0,1,0.002423,
1,AFONSO HAMM,PP,20,PABLO DA CUNHA MARTINS,***.806.750-**,CPF,7000.0,1,0.002423,
1,AFONSO HAMM,PP,21,DAIANE CANTILIANO MACHADO RODRIGUES,***.760.790-**,CPF,6000.0,1,0.002077,
1,AFONSO HAMM,PP,22,DECIO CARDINAL LOUREIRO,***.108.110-**,CPF,6000.0,1,0.002077,
1,AFONSO HAMM,PP,23,EDISNEI DOMINGUES RODRIGUES,***.901.260-**,CPF,6000.0,1,0.002077,
1,AFONSO HAMM,PP,24,IZOLDA XIBIAQUE BARBOSA,***.993.570-**,CPF,6000.0,1,0.002077,
1,AFONSO HAMM,PP,25,MARCO ANTONIO VIEIRA FREITA,***.336.750-**,CPF,6000.0,1,0.002077,
1,AFONSO HAMM,PP,26,NELIANE RODRIGUES ERENO,***.404.960-**,CPF,6000.0,1,0.002077,
1,AFONSO HAMM,PP,27,PAULO RICARDO SOLLER CAMACHO,***.656.630-**,CPF,6000.0,1,0.002077,
1,AFONSO HAMM,PP,28,RICARDO FERNANDES CONDE JUNIOR,***.436.340-**,CPF,6000.0,1,0.002077,
1,AFONSO HAMM,PP,29,JUNIOR ANDRE CARBONERA,***.975.720-**,CPF,5000.0,1,0.001731,
1,AFONSO HAMM,PP,30,WALDOMIR ANTONIO CORADINI,***.039.420-**,CPF,5000.0,1,0.001731,
1,AFONSO HAMM,PP,31,ELIZA ZAMBERLAN CORADINI,***.741.310-**,CPF,3000.0,1,0.001039,
1,AFONSO HAMM,PP,32,ZENOR COMPARIN,***.059.850-**,CPF,1000.0,1,0.000346,
2,ALCEU MOREIRA,MDB,1,DIREÇÃO NACIONAL - MDB,00.676.213/0001-38,CNPJ,2330000.0,1,0.763309,
2,ALCEU MOREIRA,MDB,2,FABRICIO MAGGI SCHMIDT,***.442.279-**,CPF,300000.0,1,0.09828,
2,ALCEU MOREIRA,MDB,3,CARLOS UBIRATAN GARMS,***.778.788-**,CPF,100000.0,1,0.03276,
2,ALCEU MOREIRA,MDB,4,CAROLINE ELTER,***.189.070-**,CPF,60000.0,1,0.019656,
2,ALCEU MOREIRA,MDB,5,GILSON LARI TRENNEPOHL,***.387.010-**,CPF,50000.0,1,0.01638,
2,ALCEU MOREIRA,MDB,6,MATHIAS ELTER,***.808.740-**,CPF,50000.0,1,0.01638,
2,ALCEU MOREIRA,MDB,7,CELSO PAULINO RIGO,***.174.980-**,CPF,30000.0,1,0.009828,
2,ALCEU MOREIRA,MDB,8,LAERCIO BRUNO FALAVINHA,***.433.769-**,CPF,30000.0,1,0.009828,
2,ALCEU MOREIRA,MDB,9,ERNESTO MARTELLI,***.486.469-**,CPF,20000.0,1,0.006552,
2,ALCEU MOREIRA,MDB,10,TABAJARA BERTELLI COSTA,***.682.738-**,CPF,20000.0,1,0.006552,
2,ALCEU MOREIRA,MDB,11,ALCEU MOREIRA DA SILVA,***.684.960-**,CPF,15000.0,1,0.004914,
2,ALCEU MOREIRA,MDB,12,ROBERTO TEDESCO,***.618.830-**,CPF,13000.0,1,0.004259,
2,ALCEU MOREIRA,MDB,13,MARCOS LUIS LAUXEN,***.321.900-**,CPF,10000.0,1,0.003276,
2,ALCEU MOREIRA,MDB,14,NARCISO BARISON NETO,***.939.390-**,CPF,10000.0,1,0.003276,
2,ALCEU MOREIRA,MDB,15,PAULO ANTONIO PUSCH BERTOLINI,***.158.159-**,CPF,10000.0,1,0.003276,
2,ALCEU MOREIRA,MDB,16,MILTON BAZILA,***.511.900-**,CPF,2500.0,1,0.000819,
2,ALCEU MOREIRA,MDB,17,MARCELO SCHIAVON,***.647.760-**,CPF,2000.0,1,0.000655,
3,ANY ORTIZ,PP,1,DIREÇÃO NACIONAL - PP,00.887.169/0001-05,CNPJ,2890030.65,4,0.98618,
3,ANY ORTIZ,PP,2,DIREÇÃO ESTADUAL/DISTRITAL - PP - RIO GRANDE DO SUL,74.703.034/0001-89,CNPJ,15000.0,1,0.005119,
3,ANY ORTIZ,PP,3,CELSO PAULINO RIGO,***.174.980-**,CPF,10000.0,1,0.003412,
3,ANY ORTIZ,PP,4,ALEXANDRE DAVID GEHLEN,***.774.150-**,CPF,5000.0,1,0.001706,
3,ANY ORTIZ,PP,5,GRAZIELA DANTAS GONTIJO,***.066.297-**,CPF,5000.0,1,0.001706,
3,ANY ORTIZ,PP,6,MARCELO SCHIAVON,***.647.760-**,CPF,1500.0,1,0.000512,
3,ANY ORTIZ,PP,7,DELMAR ANTONIO PHILIPPSEN,***.606.720-**,CPF,1000.0,1,0.000341,
3,ANY ORTIZ,PP,8,EDER JOAO FONTANA,***.729.250-**,CPF,1000.0,1,0.000341,
3,ANY ORTIZ,PP,9,GERALDO PEREIRA JOTZ,***.067.100-**,CPF,1000.0,1,0.000341,
3,ANY ORTIZ,PP,10,LUCIANO TEIXEIRA AGLIARDI,***.949.920-**,CPF,1000.0,1,0.000341,
4,BIBO NUNES,PL,1,DIREÇÃO NACIONAL - PL,08.517.423/0001-95,CNPJ,3170000.0,1,1.0,
5,BOHN GASS,PT,1,DIREÇÃO NACIONAL - PT,00.676.262/0001-70,CNPJ,1815500.0,2,0.949132,
5,BOHN GASS,PT,2,LEE SHING WEN,***.618.130-**,CPF,25000.0,1,0.01307,
5,BOHN GASS,PT,3,MAXIMILIANO NAGL GARCEZ,***.700.269-**,CPF,20000.0,1,0.010456,
5,BOHN GASS,PT,4,RICHARD MARTINS TORSIANO,***.775.740-**,CPF,13000.0,1,0.006796,
5,BOHN GASS,PT,5,ELIANE SOARES MANETTI,***.306.980-**,CPF,8000.0,1,0.004182,
5,BOHN GASS,PT,6,ELISABETE BUSANELLO,***.077.100-**,CPF,5000.0,1,0.002614,
5,BOHN GASS,PT,7,ANA LUIZA BACKES,***.695.860-**,CPF,4900.0,1,0.002562,
5,BOHN GASS,PT,8,ALEXANDRE MASOTTI,***.992.510-**,CPF,3000.0,1,0.001568,
5,BOHN GASS,PT,9,JORGE ARMINDO AGUIAR VARASCHIN,***.742.200-**,CPF,3000.0,1,0.001568,
5,BOHN GASS,PT,10,IRACILDO BINICHESKI,***.220.200-**,CPF,2400.0,2,0.001255,
5,BOHN GASS,PT,11,GILSON LUIZ FREITAS DE ANDRADE,***.860.650-**,CPF,2000.0,2,0.001046,
5,BOHN GASS,PT,12,JOSE FRANCISCO RAUBER,***.275.920-**,CPF,1500.0,1,0.000784,
5,BOHN GASS,PT,13,ELMIR JOSE FLACH,***.046.670-**,CPF,1000.13,1,0.000523,
5,BOHN GASS,PT,14,GABRIEL SOLDATELLI ROSSETTO,***.632.630-**,CPF,1000.0,1,0.000523,
5,BOHN GASS,PT,15,JOAO PAULO MENDES MADRUGA,***.148.714-**,CPF,1000.0,1,0.000523,
5,BOHN GASS,PT,16,NILTON PINHO DE BEM,***.177.740-**,CPF,1000.0,1,0.000523,
5,BOHN GASS,PT,17,SILVIO ISOPPO PORTO,***.961.840-**,CPF,1000.0,1,0.000523,
5,BOHN GASS,PT,18,MARCELO FRAGOZO DOS SANTOS,***.982.320-**,CPF,600.0,2,0.000314,
5,BOHN GASS,PT,19,ADALBERTO PAULO KLOCK,***.828.480-**,CPF,500.0,1,0.000261,
5,BOHN GASS,PT,20,JOAO LUIZ GUADAGNIN,***.818.890-**,CPF,500.0,1,0.000261,
5,BOHN GASS,PT,21,MARA REJANE WEBER,***.105.850-**,CPF,500.0,1,0.000261,
5,BOHN GASS,PT,22,ROGERIO AUGUSTO NEUWALD,***.373.410-**,CPF,500.0,1,0.000261,
5,BOHN GASS,PT,23,JOSE ALBERTO PIVA,***.986.989-**,CPF,300.0,1,0.000157,
5,BOHN GASS,PT,24,LUANA ISABEL KLATT,***.775.430-**,CPF,300.0,1,0.000157,
5,BOHN GASS,PT,25,CARLOS AUGUSTO HECK,***.475.870-**,CPF,250.0,1,0.000131,
5,BOHN GASS,PT,26,LEANDRO ARTUR ANTON,***.737.540-**,CPF,250.0,1,0.000131,
5,BOHN GASS,PT,27,CARLOS EDUARDO FECHER,***.468.417-**,CPF,200.0,1,0.000105,
5,BOHN GASS,PT,28,LUIS ROBERTO LUTKEMEIER,***.881.850-**,CPF,200.0,1,0.000105,
5,BOHN GASS,PT,29,DIONI PAULO PASTORIO,***.422.080-**,CPF,100.0,1,5.2e-05,
5,BOHN GASS,PT,30,LUIS ALBERTO MACKS,***.827.480-**,CPF,100.0,1,5.2e-05,
5,BOHN GASS,PT,31,MARTA HELENA ARNHOLD,***.729.940-**,CPF,100.0,1,5.2e-05,
5,BOHN GASS,PT,32,RICARDO GOMES DE FIGUEIREDO,***.224.470-**,CPF,100.0,1,5.2e-05,
6,BUSATO,União,1,DIREÇÃO NACIONAL - UNIÃO,44.551.496/0001-67,CNPJ,2053456.41,2,0.956142,
6,BUSATO,União,2,DIREÇÃO MUNICIPAL/COMISSÃO PROVISÓRIA - UNIÃO - SANTA CRUZ DO SUL - RS,51.302.199/0001-43,CNPJ,12000.0,3,0.005588,
6,BUSATO,União,3,MARIANNE CALIXTO BANDEIRA,***.426.790-**,CPF,10000.0,1,0.004656,
6,BUSATO,União,4,DIRCEU FRANCISCON,68.403.876/0001-12,CNPJ,7379.5,5,0.003436,
6,BUSATO,União,5,JAIMIR BALBINOT,***.296.410-**,CPF,6750.0,3,0.003143,
6,BUSATO,União,6,ELMAR STOVER,***.975.770-**,CPF,6660.0,2,0.003101,
6,BUSATO,União,7,CRISLAINE VIANA DAS NEVES,***.266.120-**,CPF,5440.0,2,0.002533,
6,BUSATO,União,8,PAULO RICARDO NUNES OSORIO,***.954.460-**,CPF,5000.0,1,0.002328,
6,BUSATO,União,9,ROCHELI GERALDO GONCALVES,***.761.050-**,CPF,3760.0,1,0.001751,
6,BUSATO,União,10,DIREÇÃO ESTADUAL/DISTRITAL - UNIÃO - RIO GRANDE DO SUL,45.855.356/0001-45,CNPJ,3694.16,1,0.00172,
6,BUSATO,União,11,EDUARDO GROSS PRATES,***.556.690-**,CPF,3675.0,1,0.001711,
6,BUSATO,União,12,LAURA DIAS COELHO DE SOUZA,***.641.430-**,CPF,3675.0,1,0.001711,
6,BUSATO,União,13,MARCELO LIMA DA SILVA,***.655.980-**,CPF,3675.0,1,0.001711,
6,BUSATO,União,14,NEIVA SALETE GROSS PRATES,***.523.150-**,CPF,3675.0,1,0.001711,
6,BUSATO,União,15,DOUGLAS DIEFENBACH DA CUNHA,***.758.330-**,CPF,3525.0,1,0.001641,
6,BUSATO,União,16,ROBSON TIAGO BORGES,***.871.970-**,CPF,3100.0,1,0.001443,
6,BUSATO,União,17,JOSE ODAIR SCORSATTO,***.142.320-**,CPF,3090.0,1,0.001439,
6,BUSATO,União,18,HELTON RIBEIRO CAPILHEIRA,***.921.230-**,CPF,2480.0,1,0.001155,
6,BUSATO,União,19,DECIO LUIS HOCHSCHEIDT,***.698.410-**,CPF,1840.0,1,0.000857,
6,BUSATO,União,20,JOSE CARLOS VIEIRA,***.627.710-**,CPF,1650.0,1,0.000768,
6,BUSATO,União,21,CRISTIANO FREITAS BAIRROS,***.493.130-**,CPF,913.92,1,0.000426,
6,BUSATO,União,22,NEUDIR BALBINOT,***.611.900-**,CPF,810.0,2,0.000377,
6,BUSATO,União,23,NARDENI DA SILVA DOMINGUES,***.362.730-**,CPF,800.0,1,0.000373,
6,BUSATO,União,24,AIRTON ROHMARIO DA MOTA,***.601.560-**,CPF,600.0,1,0.000279,
7,CARLOS GOMES,Republicanos,1,DIREÇÃO NACIONAL - REPUBLICANOS,07.665.132/0001-81,CNPJ,1726928.99,1,0.634434,
7,CARLOS GOMES,Republicanos,2,DIREÇÃO ESTADUAL/DISTRITAL - REPUBLICANOS - RIO GRANDE DO SUL,07.919.379/0001-87,CNPJ,995071.01,2,0.365566,
8,COVATTI FILHO,PP,1,DIREÇÃO NACIONAL - PP,00.887.169/0001-05,CNPJ,3023381.7,2,0.998345,
8,COVATTI FILHO,PP,2,TIAGO MAURICIO SALOMONI,***.131.120-**,CPF,5011.11,1,0.001655,
9,DAIANA SANTOS,PCdoB,1,DIREÇÃO NACIONAL - PCDOB,54.956.495/0001-56,CNPJ,2247900.0,4,0.94884,
9,DAIANA SANTOS,PCdoB,2,GUILHERME SCHAURICH DA SILVA,***.472.250-**,CPF,17000.0,2,0.007176,
9,DAIANA SANTOS,PCdoB,3,DIREÇÃO ESTADUAL/DISTRITAL - PCDOB - RIO GRANDE DO SUL,71.585.624/0001-66,CNPJ,15000.0,1,0.006332,
9,DAIANA SANTOS,PCdoB,4,DAIANA SILVA DOS SANTOS,***.046.100-**,CPF,10000.0,1,0.004221,
9,DAIANA SANTOS,PCdoB,5,VIRGINIA DA SILVA CORREA,***.745.479-**,CPF,6000.0,2,0.002533,
9,DAIANA SANTOS,PCdoB,6,CRISLAINE PEREIRA CARNEIRO,***.672.820-**,CPF,5000.0,1,0.002111,
9,DAIANA SANTOS,PCdoB,7,AIRTON TADEU FORBRIG,***.048.370-**,CPF,4000.0,1,0.001688,
9,DAIANA SANTOS,PCdoB,8,BEN HUR SILVEIRA CLAUS,***.470.750-**,CPF,4000.0,1,0.001688,
9,DAIANA SANTOS,PCdoB,9,EDUARDO MORAES BESTETTI,***.670.110-**,CPF,4000.0,2,0.001688,
9,DAIANA SANTOS,PCdoB,10,MARCELO GOULART JOBIM,***.768.900-**,CPF,4000.0,1,0.001688,
9,DAIANA SANTOS,PCdoB,11,MARIA EMILIA DA SILVA,***.680.339-**,CPF,4000.0,1,0.001688,
9,DAIANA SANTOS,PCdoB,12,RAQUEL PAESE,***.802.530-**,CPF,4000.0,1,0.001688,
9,DAIANA SANTOS,PCdoB,13,FABRICIO DIAS LOGUERCIO,***.032.640-**,CPF,3000.01,3,0.001266,
9,DAIANA SANTOS,PCdoB,14,ANTONIA MARA VIEIRA LOGUERCIO,***.322.120-**,CPF,2000.0,1,0.000844,
9,DAIANA SANTOS,PCdoB,15,CELIA MACHADO GERVASIO CHAVES,***.770.000-**,CPF,2000.0,1,0.000844,
9,DAIANA SANTOS,PCdoB,16,DAISSON SILVA PORTANOVA,***.531.640-**,CPF,2000.0,1,0.000844,
9,DAIANA SANTOS,PCdoB,17,DANUSA ALHANDRA SILVA,***.753.120-**,CPF,2000.0,2,0.000844,
9,DAIANA SANTOS,PCdoB,18,DAVID FIALKOW SOBRINHO,***.326.200-**,CPF,2000.0,1,0.000844,
9,DAIANA SANTOS,PCdoB,19,DJEISON CLEBER DAS NEVES,***.176.190-**,CPF,2000.0,1,0.000844,
9,DAIANA SANTOS,PCdoB,20,JULIANO ROSO,***.256.930-**,CPF,2000.0,1,0.000844,
9,DAIANA SANTOS,PCdoB,21,LILIAN MONKS DUARTE DE VARGAS,***.741.960-**,CPF,2000.0,1,0.000844,
9,DAIANA SANTOS,PCdoB,22,LUIS CARLOS SILVA BARBOSA,***.014.100-**,CPF,2000.0,1,0.000844,
9,DAIANA SANTOS,PCdoB,23,MELISSA ACAUAN SANDER,***.137.660-**,CPF,2000.0,1,0.000844,
9,DAIANA SANTOS,PCdoB,24,NEY BRAGANCA GYRAO,***.992.590-**,CPF,2000.0,1,0.000844,
9,DAIANA SANTOS,PCdoB,25,PEDRO MAURICIO PITA DA SILVA MACHADO,***.674.230-**,CPF,2000.0,1,0.000844,
9,DAIANA SANTOS,PCdoB,26,SIMONE MORALES GOULART,***.006.600-**,CPF,2000.0,1,0.000844,
9,DAIANA SANTOS,PCdoB,27,TAIRINE MURIEL OLEQUES PERIN,***.850.040-**,CPF,2000.0,1,0.000844,
9,DAIANA SANTOS,PCdoB,28,FINANCIAMENTO COLETIVO,,,1354.0,1,0.000572,
9,DAIANA SANTOS,PCdoB,29,ANDRESSA CAMPANHER MARQUES,***.873.100-**,CPF,1000.0,1,0.000422,
9,DAIANA SANTOS,PCdoB,30,ANTONIO AUGUSTO ROSA MEDEIROS,***.401.657-**,CPF,1000.0,1,0.000422,
9,DAIANA SANTOS,PCdoB,31,EDISON PUCHALSKI,***.220.910-**,CPF,1000.0,1,0.000422,
9,DAIANA SANTOS,PCdoB,32,EDSON MENEZES DA SILVA,***.497.145-**,CPF,1000.0,1,0.000422,
9,DAIANA SANTOS,PCdoB,33,EDUARDO DE CASTRO CAMPOS,***.706.200-**,CPF,1000.0,1,0.000422,
9,DAIANA SANTOS,PCdoB,34,ERNANI GALVAO IGNACIO,***.822.680-**,CPF,1000.0,1,0.000422,
9,DAIANA SANTOS,PCdoB,35,JOSE VIEIRA LOGUERCIO,***.648.780-**,CPF,1000.0,1,0.000422,
9,DAIANA SANTOS,PCdoB,36,JULIO CEZAR JORGE MARTINS,***.963.710-**,CPF,1000.0,1,0.000422,
9,DAIANA SANTOS,PCdoB,37,RAUL KROEFF MACHADO CARRION,***.456.320-**,CPF,1000.0,1,0.000422,
9,DAIANA SANTOS,PCdoB,38,FELIPE ESPINDOLA CARMONA,***.519.800-**,CPF,600.0,1,0.000253,
9,DAIANA SANTOS,PCdoB,39,DOLORES SANCHES WUNSCH,***.347.800-**,CPF,500.0,1,0.000211,
9,DAIANA SANTOS,PCdoB,40,NEREU LIMA,***.058.760-**,CPF,500.0,1,0.000211,
9,DAIANA SANTOS,PCdoB,41,SILVIA BEATRIZ COSTA CZERMAINSKI,***.660.580-**,CPF,500.0,1,0.000211,
9,DAIANA SANTOS,PCdoB,42,RUBIA ABS DA CRUZ,***.425.060-**,CPF,300.0,1,0.000127,
9,DAIANA SANTOS,PCdoB,43,MARIA CONCEICAO LOPES FONTOURA,***.095.800-**,CPF,250.0,1,0.000106,
9,DAIANA SANTOS,PCdoB,44,CLAUDIO AUGUSTO SILVA GUTIERREZ,***.020.200-**,CPF,200.0,1,8.4e-05,
10,DANRLEI,PSD,1,DIREÇÃO NACIONAL - PSD,13.629.827/0001-00,CNPJ,2240000.0,3,0.997284,
10,DANRLEI,PSD,2,GUILHERME DORNELES,***.009.090-**,CPF,3100.0,1,0.00138,
10,DANRLEI,PSD,3,LUIS GUSTAVO PAZUTTI AVILA,***.558.350-**,CPF,3000.0,1,0.001336,
11,DENISE PESSÔA,PT,1,DIREÇÃO NACIONAL - PT,00.676.262/0001-70,CNPJ,2940500.0,4,0.996621,
11,DENISE PESSÔA,PT,2,JORGE LUIS ANDREAZZA,***.312.200-**,CPF,3000.0,1,0.001017,
11,DENISE PESSÔA,PT,3,PAULO CESAR GOMES MARTINS,***.188.100-**,CPF,2430.0,3,0.000824,
11,DENISE PESSÔA,PT,4,TIAGO HASSMANN DE SOUZA,***.633.420-**,CPF,1000.0,1,0.000339,
11,DENISE PESSÔA,PT,5,WILSON VALERIO DA ROSA LOPES,***.365.860-**,CPF,700.0,3,0.000237,
11,DENISE PESSÔA,PT,6,FELIPE RISPOLI LEAL,***.083.280-**,CPF,500.0,1,0.000169,
11,DENISE PESSÔA,PT,7,HEMERSON LUIZ PASE,***.471.590-**,CPF,500.0,1,0.000169,
11,DENISE PESSÔA,PT,8,TADEU JOAO DA SILVA STRINGARI,***.804.600-**,CPF,500.0,1,0.000169,
11,DENISE PESSÔA,PT,9,MARCIO RODRIGUES DE LIMA,***.077.970-**,CPF,400.0,1,0.000136,
11,DENISE PESSÔA,PT,10,FRANCIELE LUZIA RADTKE,***.109.450-**,CPF,300.0,1,0.000102,
11,DENISE PESSÔA,PT,11,FRANCK MACIEL PECANHA,***.806.237-**,CPF,300.0,1,0.000102,
11,DENISE PESSÔA,PT,12,THOMAS PASOLIN BELTRAME,***.878.760-**,CPF,150.0,1,5.1e-05,
11,DENISE PESSÔA,PT,13,ROCHELE SACHET ANTONIAZZI,***.218.530-**,CPF,100.0,1,3.4e-05,
11,DENISE PESSÔA,PT,14,PAULO RENATO NUNES DA CUNHA,***.378.470-**,CPF,50.0,1,1.7e-05,
11,DENISE PESSÔA,PT,15,ALVARO VELASQUES ESPELOCIM,***.428.660-**,CPF,20.0,1,7e-06,
11,DENISE PESSÔA,PT,16,RICARDO LUIS BRAND,***.056.500-**,CPF,20.0,1,7e-06,
12,DIOGO SIQUEIRA,PL,1,DIREÇÃO NACIONAL - PL,08.517.423/0001-95,CNPJ,1000000.0,1,0.965158,
12,DIOGO SIQUEIRA,PL,2,HUMBERTO GIACOMELLO,***.112.430-**,CPF,10000.0,1,0.009652,
12,DIOGO SIQUEIRA,PL,3,JANUARIO PALUDO,***.841.310-**,CPF,5000.0,1,0.004826,
12,DIOGO SIQUEIRA,PL,4,ANALICE GROMOWSKI ZORZI,***.908.220-**,CPF,1000.0,1,0.000965,
12,DIOGO SIQUEIRA,PL,5,DAIANE PIUCO,***.265.420-**,CPF,1000.0,1,0.000965,
12,DIOGO SIQUEIRA,PL,6,DANIEL RICARDO FISCHER,***.819.740-**,CPF,1000.0,1,0.000965,
12,DIOGO SIQUEIRA,PL,7,DIEGO SALINI,***.265.660-**,CPF,1000.0,1,0.000965,
12,DIOGO SIQUEIRA,PL,8,DIOGO PARISOTTO,***.691.570-**,CPF,1000.0,1,0.000965,
12,DIOGO SIQUEIRA,PL,9,ELISIANE SCHENATO,***.417.150-**,CPF,1000.0,1,0.000965,
12,DIOGO SIQUEIRA,PL,10,EVANDRO MASSUTTI,***.126.700-**,CPF,1000.0,1,0.000965,
12,DIOGO SIQUEIRA,PL,11,GUSTAVO BALDASSO SCHRAMM,***.731.970-**,CPF,1000.0,1,0.000965,
12,DIOGO SIQUEIRA,PL,12,HEITOR ANDRE TARTARO,***.334.770-**,CPF,1000.0,1,0.000965,
12,DIOGO SIQUEIRA,PL,13,HENRIQUE NUNCIO,***.876.020-**,CPF,1000.0,1,0.000965,
12,DIOGO SIQUEIRA,PL,14,JONATAN DE LIMA,***.844.160-**,CPF,1000.0,1,0.000965,
12,DIOGO SIQUEIRA,PL,15,MATEUS ZABALLA BORTOLINI,***.841.780-**,CPF,1000.0,1,0.000965,
12,DIOGO SIQUEIRA,PL,16,PAULO AMARILHO SOUTO,***.174.260-**,CPF,1000.0,1,0.000965,
12,DIOGO SIQUEIRA,PL,17,RODRIGO GOLIN FERNANDES,***.058.630-**,CPF,1000.0,1,0.000965,
12,DIOGO SIQUEIRA,PL,18,TIAGO JOAO COSER,***.778.060-**,CPF,1000.0,1,0.000965,
12,DIOGO SIQUEIRA,PL,19,ADAIR SESSI,***.893.980-**,CPF,700.0,1,0.000676,
12,DIOGO SIQUEIRA,PL,20,ANA CLAUDIA DIAS,***.749.930-**,CPF,700.0,1,0.000676,
12,DIOGO SIQUEIRA,PL,21,BERNARDO ZANETTI,***.487.620-**,CPF,700.0,1,0.000676,
12,DIOGO SIQUEIRA,PL,22,JUMIR VIEIRA DE CARVALHO,***.079.750-**,CPF,700.0,1,0.000676,
12,DIOGO SIQUEIRA,PL,23,MILENA TASCA GATTO,***.777.250-**,CPF,700.0,1,0.000676,
12,DIOGO SIQUEIRA,PL,24,NATALIA MADALOSSO,***.016.000-**,CPF,700.0,1,0.000676,
12,DIOGO SIQUEIRA,PL,25,TIAGO DA ROLD KROB,***.074.060-**,CPF,700.0,1,0.000676,
12,DIOGO SIQUEIRA,PL,26,EDUARDO VIRISSIMO,***.052.590-**,CPF,500.0,1,0.000483,
12,DIOGO SIQUEIRA,PL,27,LUIS CESAR MINOZZO,***.352.700-**,CPF,350.0,1,0.000338,
12,DIOGO SIQUEIRA,PL,28,RONALDO ALLEGRETTI,***.171.090-**,CPF,350.0,1,0.000338,
13,FELIPE CAMOZZATO,Novo,1,DIREÇÃO NACIONAL - NOVO,13.405.866/0001-24,CNPJ,1605400.0,3,0.727331,
13,FELIPE CAMOZZATO,Novo,2,DIREÇÃO ESTADUAL/DISTRITAL - NOVO - RIO GRANDE DO SUL,26.471.374/0001-89,CNPJ,240568.18,23,0.10899,
13,FELIPE CAMOZZATO,Novo,3,JORGE LUIZ SILVA LOGEMANN,***.552.870-**,CPF,50000.0,1,0.022653,
13,FELIPE CAMOZZATO,Novo,4,FINANCIAMENTO COLETIVO,,,40006.63,1,0.018125,
13,FELIPE CAMOZZATO,Novo,5,LUIZ ORLANDO FRACAO,***.026.950-**,CPF,30000.0,1,0.013592,
13,FELIPE CAMOZZATO,Novo,6,CELSO PAULINO RIGO,***.174.980-**,CPF,20000.0,1,0.009061,
13,FELIPE CAMOZZATO,Novo,7,PAULO CESAR FRACAO,***.478.100-**,CPF,20000.0,1,0.009061,
13,FELIPE CAMOZZATO,Novo,8,PEDRO LEITE DE CASTRO CASARES SILVA,***.716.337-**,CPF,20000.0,1,0.009061,
13,FELIPE CAMOZZATO,Novo,9,VINICIUS LEANDRO OURIQUE PINHEIRO,***.581.100-**,CPF,20000.0,1,0.009061,
13,FELIPE CAMOZZATO,Novo,10,DANIEL JAEGER GONCALVES DA SILVA,***.330.490-**,CPF,15000.0,1,0.006796,
13,FELIPE CAMOZZATO,Novo,11,GLENIO PAULO MACHADO,***.930.900-**,CPF,10000.0,1,0.004531,
13,FELIPE CAMOZZATO,Novo,12,SILLAS BATTASTINI NEVES,***.275.480-**,CPF,10000.0,1,0.004531,
13,FELIPE CAMOZZATO,Novo,13,MARCELO GUEDES,***.079.180-**,CPF,8000.0,1,0.003624,
13,FELIPE CAMOZZATO,Novo,14,JOAO PAULO MARIA,***.135.790-**,CPF,7000.0,1,0.003171,
13,FELIPE CAMOZZATO,Novo,15,GERSON LUIS MULLER,***.821.260-**,CPF,6000.0,1,0.002718,
13,FELIPE CAMOZZATO,Novo,16,ALUIZIO MERLIN RIBEIRO,***.757.780-**,CPF,5000.0,1,0.002265,
13,FELIPE CAMOZZATO,Novo,17,FLAURI ADEMIR MIGLIAVACCA,***.007.190-**,CPF,5000.0,1,0.002265,
13,FELIPE CAMOZZATO,Novo,18,JANICE MASCARENHAS MARQUES,***.757.268-**,CPF,5000.0,1,0.002265,
13,FELIPE CAMOZZATO,Novo,19,JOSE GALLO,***.767.670-**,CPF,5000.0,1,0.002265,
13,FELIPE CAMOZZATO,Novo,20,MARIO CESAR PONTALTI,***.983.030-**,CPF,5000.0,1,0.002265,
13,FELIPE CAMOZZATO,Novo,21,MAURO DUTRA DE BARCELLOS,***.395.070-**,CPF,5000.0,1,0.002265,
13,FELIPE CAMOZZATO,Novo,22,PAULO AFONSO GIRARDI FEIJO,***.710.110-**,CPF,5000.0,1,0.002265,
13,FELIPE CAMOZZATO,Novo,23,PERICLES PEREIRA DRUCK,***.252.410-**,CPF,5000.0,1,0.002265,
13,FELIPE CAMOZZATO,Novo,24,RENATO MALCON,***.551.300-**,CPF,5000.0,1,0.002265,
13,FELIPE CAMOZZATO,Novo,25,ROGERIO MERLIN RIBEIRO,***.631.550-**,CPF,5000.0,1,0.002265,
13,FELIPE CAMOZZATO,Novo,26,RUTH NEUSA MASCARENHAS VALENTE,***.166.468-**,CPF,5000.0,1,0.002265,
13,FELIPE CAMOZZATO,Novo,27,TONI FERRARIN,***.785.160-**,CPF,5000.0,1,0.002265,
13,FELIPE CAMOZZATO,Novo,28,FRANCISCO DE BARROS CISNEROS,***.324.898-**,CPF,4275.0,1,0.001937,
13,FELIPE CAMOZZATO,Novo,29,REGIS SELL HAUBERT,***.490.400-**,CPF,4166.67,1,0.001888,
13,FELIPE CAMOZZATO,Novo,30,MARCELO SCHIAVON,***.647.760-**,CPF,4000.0,1,0.001812,
13,FELIPE CAMOZZATO,Novo,31,WALTER KANNEMANN,***.850.170-**,CPF,3500.0,1,0.001586,
13,FELIPE CAMOZZATO,Novo,32,GERALDO EBLING ENCK,***.899.300-**,CPF,3000.0,1,0.001359,
13,FELIPE CAMOZZATO,Novo,33,JOAO PAULO NEMOTO SABINO DE FREITAS,***.266.888-**,CPF,3000.0,1,0.001359,
13,FELIPE CAMOZZATO,Novo,34,ALAN MARTINS ELBLING,***.575.570-**,CPF,2000.0,1,0.000906,
13,FELIPE CAMOZZATO,Novo,35,EDUARDO CORTE REAL,***.799.310-**,CPF,2000.0,1,0.000906,
13,FELIPE CAMOZZATO,Novo,36,GERALDO SIBEMBERG BIRMANN,***.195.800-**,CPF,2000.0,1,0.000906,
13,FELIPE CAMOZZATO,Novo,37,HEITOR RODRIGUES NUNES DA SILVA,***.515.990-**,CPF,2000.0,1,0.000906,
13,FELIPE CAMOZZATO,Novo,38,RODRIGO CONRADO MEDINA NUNEZ,***.700.230-**,CPF,2000.0,1,0.000906,
13,FELIPE CAMOZZATO,Novo,39,VINICIUS DA SILVA GARCIA,***.751.510-**,CPF,2000.0,1,0.000906,
13,FELIPE CAMOZZATO,Novo,40,ARTUR DAL PAI TOMASETTO,***.040.730-**,CPF,1800.0,1,0.000815,
13,FELIPE CAMOZZATO,Novo,41,DANIEL TONEZER MENDES,***.377.111-**,CPF,1500.0,1,0.00068,
13,FELIPE CAMOZZATO,Novo,42,ANGELO SANCHOTENE CEOLIN,***.511.950-**,CPF,1000.0,1,0.000453,
13,FELIPE CAMOZZATO,Novo,43,ANTONIO CEOLIN,***.457.260-**,CPF,1000.0,1,0.000453,
13,FELIPE CAMOZZATO,Novo,44,ESTEVAO DE FRANCESCHI CEOLIN,***.523.950-**,CPF,1000.0,1,0.000453,
13,FELIPE CAMOZZATO,Novo,45,NELCI LUIZ CEOLIN,***.465.540-**,CPF,1000.0,1,0.000453,
13,FELIPE CAMOZZATO,Novo,46,ADERBAL FERNANDES LIMA,***.837.800-**,CPF,500.0,1,0.000227,
13,FELIPE CAMOZZATO,Novo,47,FERNANDO FRASCA CANDIDO JUNIOR,***.635.500-**,CPF,500.0,1,0.000227,
13,FELIPE CAMOZZATO,Novo,48,HENRIQUE BINS LUCE,***.053.630-**,CPF,500.0,1,0.000227,
13,FELIPE CAMOZZATO,Novo,49,MAURICIO PEDRO BONIATTI,***.476.430-**,CPF,500.0,1,0.000227,
13,FELIPE CAMOZZATO,Novo,50,ROQUE LUIZ SCHWAN,***.029.980-**,CPF,500.0,1,0.000227,
13,FELIPE CAMOZZATO,Novo,51,IGOR ALEXANDRE CLEMENTE DE MORAIS,***.092.901-**,CPF,350.0,1,0.000159,
13,FELIPE CAMOZZATO,Novo,52,BRUNO HENRIQUE KLEIN HARTZ,***.245.330-**,CPF,300.0,1,0.000136,
13,FELIPE CAMOZZATO,Novo,53,JOAO PEDRO ARRUDA,***.951.030-**,CPF,300.0,1,0.000136,
13,FELIPE CAMOZZATO,Novo,54,PAULO EDUARDO MASCARENHAS LINHARES,***.492.510-**,CPF,300.0,1,0.000136,
13,FELIPE CAMOZZATO,Novo,55,FRANCISCO SAVIO RYPL,***.258.690-**,CPF,100.0,1,4.5e-05,
13,FELIPE CAMOZZATO,Novo,56,MARCIO DO AMOR DIVINO,***.295.100-**,CPF,100.0,1,4.5e-05,
13,FELIPE CAMOZZATO,Novo,57,PAULO ANSELMO CORREA COELHO,***.680.590-**,CPF,50.0,1,2.3e-05,
13,FELIPE CAMOZZATO,Novo,58,PAOLA COSER MAGNANI,***.034.310-**,CPF,30.0,1,1.4e-05,
13,FELIPE CAMOZZATO,Novo,59,BRUNO DE SOUZA BITTENCOURT,***.022.490-**,CPF,1.25,1,1e-06,
14,FERNANDA MELCHIONNA,PSOL,1,DIREÇÃO NACIONAL - PSOL,06.954.942/0001-95,CNPJ,2091567.46,2,0.858211,
14,FERNANDA MELCHIONNA,PSOL,2,DIREÇÃO ESTADUAL/DISTRITAL - PSOL - RIO GRANDE DO SUL,11.664.131/0001-90,CNPJ,189902.81,8,0.077921,
14,FERNANDA MELCHIONNA,PSOL,3,FERNANDA MELCHIONNA E SILVA,***.134.610-**,CPF,32500.0,3,0.013335,
14,FERNANDA MELCHIONNA,PSOL,4,RENATO KLIEMANN PAESE,***.369.710-**,CPF,20000.0,2,0.008206,
14,FERNANDA MELCHIONNA,PSOL,5,GUILHERME SCHAURICH DA SILVA,***.472.250-**,CPF,18000.0,2,0.007386,
14,FERNANDA MELCHIONNA,PSOL,6,RAQUEL PAESE,***.802.530-**,CPF,15000.0,2,0.006155,
14,FERNANDA MELCHIONNA,PSOL,7,SERGIO GISCHKOW PEREIRA,***.566.560-**,CPF,10000.0,1,0.004103,
14,FERNANDA MELCHIONNA,PSOL,8,MARILINDA DA CONCEICAO MARQUES FERNANDES,***.730.460-**,CPF,5000.0,1,0.002052,
14,FERNANDA MELCHIONNA,PSOL,9,FINANCIAMENTO COLETIVO,,,4455.0,1,0.001828,
14,FERNANDA MELCHIONNA,PSOL,10,RENATA CARRERO CARDOSO,***.900.730-**,CPF,4200.0,1,0.001723,
14,FERNANDA MELCHIONNA,PSOL,11,FERNANDA PALOMBINI MORALLES,***.730.630-**,CPF,4000.0,1,0.001641,
14,FERNANDA MELCHIONNA,PSOL,12,INGRID RENZ BIRNFELD,***.821.230-**,CPF,3000.0,1,0.001231,
14,FERNANDA MELCHIONNA,PSOL,13,SAMARA FERRAZZA ANTONINI,***.919.100-**,CPF,3000.0,1,0.001231,
14,FERNANDA MELCHIONNA,PSOL,14,ANDERSON GONZALEZ DUTRA,***.539.850-**,CPF,2000.0,2,0.000821,
14,FERNANDA MELCHIONNA,PSOL,15,JOEL MARCO ANTONIO RIBEIRO DIAS,***.169.450-**,CPF,2000.0,2,0.000821,
14,FERNANDA MELCHIONNA,PSOL,16,KAREN JULIE DOS REIS,***.395.340-**,CPF,2000.0,2,0.000821,
14,FERNANDA MELCHIONNA,PSOL,17,MARLON RODRIGUES FRAGAS,***.780.900-**,CPF,2000.0,2,0.000821,
14,FERNANDA MELCHIONNA,PSOL,18,RUAN DOS SANTOS MARTINS,***.500.660-**,CPF,2000.0,2,0.000821,
14,FERNANDA MELCHIONNA,PSOL,19,FERNANDO MAYA MATTOSO,***.598.010-**,CPF,1500.0,1,0.000615,
14,FERNANDA MELCHIONNA,PSOL,20,ANA PAULA GAWLINSKI,***.933.210-**,CPF,1000.0,1,0.00041,
14,FERNANDA MELCHIONNA,PSOL,21,ANTONIO CARLOS BECCO COELHO,***.630.720-**,CPF,1000.0,1,0.00041,
14,FERNANDA MELCHIONNA,PSOL,22,BRUNA MARTINS DE CAMPOS,***.879.200-**,CPF,1000.0,1,0.00041,
14,FERNANDA MELCHIONNA,PSOL,23,CLAUDIOMIRO MOTTA BARBOZA,***.467.640-**,CPF,1000.0,1,0.00041,
14,FERNANDA MELCHIONNA,PSOL,24,CRISTIANO TEIXEIRA MIRANDA,***.509.600-**,CPF,1000.0,1,0.00041,
14,FERNANDA MELCHIONNA,PSOL,25,DAVID DA COSTA LOPES,***.852.200-**,CPF,1000.0,1,0.00041,
14,FERNANDA MELCHIONNA,PSOL,26,EDISON LACERDA CARVALHO,***.885.270-**,CPF,1000.0,1,0.00041,
14,FERNANDA MELCHIONNA,PSOL,27,ELIANA LUZZI SERE,***.571.170-**,CPF,1000.0,1,0.00041,
14,FERNANDA MELCHIONNA,PSOL,28,EMERSON LEONARDO BOEIRA,***.897.060-**,CPF,1000.0,1,0.00041,
14,FERNANDA MELCHIONNA,PSOL,29,GUILHERME ANTONIO COELHO,***.550.160-**,CPF,1000.0,1,0.00041,
14,FERNANDA MELCHIONNA,PSOL,30,INGRIDY RODRIGUES BORGES,***.258.010-**,CPF,1000.0,1,0.00041,
14,FERNANDA MELCHIONNA,PSOL,31,JOAO EZEQUIEL MENDONCA DA SILVA,***.834.490-**,CPF,1000.0,1,0.00041,
14,FERNANDA MELCHIONNA,PSOL,32,JORGE LUCIANO RIBEIRO DA SILVA,***.282.510-**,CPF,1000.0,1,0.00041,
14,FERNANDA MELCHIONNA,PSOL,33,JULIANO CARRICONDE FRIPP,***.533.622-**,CPF,1000.0,1,0.00041,
14,FERNANDA MELCHIONNA,PSOL,34,LEANDRO FRANCISCO SERE DA ROSA,***.875.350-**,CPF,1000.0,1,0.00041,
14,FERNANDA MELCHIONNA,PSOL,35,LEONARDO PEREIRA BORGES,***.701.900-**,CPF,1000.0,1,0.00041,
14,FERNANDA MELCHIONNA,PSOL,36,MARIA LUIZA RODRIGUES VILLAVERDE,***.420.010-**,CPF,1000.0,1,0.00041,
14,FERNANDA MELCHIONNA,PSOL,37,MICHELLE BARRIONUEVO MACCHI,***.656.020-**,CPF,1000.0,1,0.00041,
14,FERNANDA MELCHIONNA,PSOL,38,MILTON DE VARGAS,***.036.700-**,CPF,1000.0,1,0.00041,
14,FERNANDA MELCHIONNA,PSOL,39,ROMER DOS SANTOS GUEX,***.644.480-**,CPF,1000.0,1,0.00041,
14,FERNANDA MELCHIONNA,PSOL,40,SABRINA DE FREITAS BARRIONUEVO MACCHI,***.483.950-**,CPF,1000.0,1,0.00041,
14,FERNANDA MELCHIONNA,PSOL,41,SILVIO EDUARDO FONTANA BOFF,***.876.440-**,CPF,1000.0,1,0.00041,
14,FERNANDA MELCHIONNA,PSOL,42,SORAYA DA ROCHA GUEX,***.753.760-**,CPF,1000.0,1,0.00041,
14,FERNANDA MELCHIONNA,PSOL,43,THAIS MARKUS CARRICONDE FRIPP,***.679.630-**,CPF,1000.0,1,0.00041,
14,FERNANDA MELCHIONNA,PSOL,44,AMAURI PERUSSO,***.765.650-**,CPF,500.0,1,0.000205,
14,FERNANDA MELCHIONNA,PSOL,45,MARIA LUCIA FATTORELLI CARNEIRO,***.566.556-**,CPF,500.0,1,0.000205,
15,GIOVANI CHERINI,PL,1,DIREÇÃO NACIONAL - PL,08.517.423/0001-95,CNPJ,3170000.0,1,0.987231,
15,GIOVANI CHERINI,PL,2,CELSO PAULINO RIGO,***.174.980-**,CPF,20000.0,1,0.006229,
15,GIOVANI CHERINI,PL,3,JUAREZ LUIZ D AMBROS,***.619.900-**,CPF,10000.0,1,0.003114,
15,GIOVANI CHERINI,PL,4,GIOVANI CHERINI,***.507.780-**,CPF,6000.0,2,0.001869,
15,GIOVANI CHERINI,PL,5,CLAUDIO MORIGI CHERINI,***.079.070-**,CPF,5000.0,1,0.001557,
16,GUSTAVO VICTORINO,Republicanos,1,DIREÇÃO NACIONAL - REPUBLICANOS,07.665.132/0001-81,CNPJ,1599360.0,1,0.988629,
16,GUSTAVO VICTORINO,Republicanos,2,ALVARO ALVES SOBRINHO,***.471.910-**,CPF,10000.0,1,0.006181,
16,GUSTAVO VICTORINO,Republicanos,3,OTTOMAR VONTOBEL,***.843.200-**,CPF,5000.0,1,0.003091,
16,GUSTAVO VICTORINO,Republicanos,4,FINANCIAMENTO COLETIVO,,,3364.31,1,0.00208,
16,GUSTAVO VICTORINO,Republicanos,5,ROBERTO ARY LIEDTKE,***.422.820-**,CPF,30.66,3,1.9e-05,
17,JESSÉ SANGALLI,PL,1,DIREÇÃO NACIONAL - PL,08.517.423/0001-95,CNPJ,1235000.0,3,0.889702,
17,JESSÉ SANGALLI,PL,2,FINANCIAMENTO COLETIVO,,,96068.22,3,0.069208,
17,JESSÉ SANGALLI,PL,3,UBIRATAN ANTUNES SANDERSON,68.526.851/0001-06,CNPJ,20000.0,1,0.014408,
17,JESSÉ SANGALLI,PL,4,WAGNER LUIS GALARDAO,68.345.760/0001-74,CNPJ,15000.0,1,0.010806,
17,JESSÉ SANGALLI,PL,5,ANDRE LUIS DOS SANTOS BARBOSA,***.864.560-**,CPF,7000.0,1,0.005043,
17,JESSÉ SANGALLI,PL,6,DANIEL HENRIQUE SALDANHA CAVALCANTE,***.456.500-**,CPF,5300.0,2,0.003818,
17,JESSÉ SANGALLI,PL,7,EVANDRO OLIVEIRA DA SILVA,***.801.080-**,CPF,5000.0,1,0.003602,
17,JESSÉ SANGALLI,PL,8,UBIRATA SANTOS DE OLIVEIRA,***.314.610-**,CPF,2000.0,1,0.001441,
17,JESSÉ SANGALLI,PL,9,ARIELLE ELY FERRAZ,***.318.580-**,CPF,1000.0,1,0.00072,
17,JESSÉ SANGALLI,PL,10,LEONARDO MOURA LOCK,***.917.540-**,CPF,1000.0,1,0.00072,
17,JESSÉ SANGALLI,PL,11,RODRIGO CASTILHOS FURTADO,***.239.230-**,CPF,500.0,1,0.00036,
17,JESSÉ SANGALLI,PL,12,ALEXANDRE FERREIRA DA SILVA LOPES,***.104.677-**,CPF,50.0,1,3.6e-05,
17,JESSÉ SANGALLI,PL,13,DIEGO BERENSTEIN VALMORBIDA,***.443.980-**,CPF,50.0,1,3.6e-05,
17,JESSÉ SANGALLI,PL,14,FILIPE MONTEIRO LUCIANO,***.580.870-**,CPF,50.0,1,3.6e-05,
17,JESSÉ SANGALLI,PL,15,LEANDRO EDGAR EMMEL,***.422.940-**,CPF,50.0,1,3.6e-05,
17,JESSÉ SANGALLI,PL,16,JOAO PAULO WILDNER MEDINA,***.651.660-**,CPF,22.3,1,1.6e-05,
17,JESSÉ SANGALLI,PL,17,TARSO LEITE SCHMIDT,***.758.260-**,CPF,10.0,1,7e-06,
17,JESSÉ SANGALLI,PL,18,RAFAEL GAMA PARENTE,***.068.782-**,CPF,5.0,1,4e-06,
18,JUVIR COSTELLA,MDB,1,DIREÇÃO NACIONAL - MDB,00.676.213/0001-38,CNPJ,300000.0,1,0.370765,
18,JUVIR COSTELLA,MDB,2,DIREÇÃO ESTADUAL/DISTRITAL - MDB - RIO GRANDE DO SUL,87.582.714/0001-33,CNPJ,180000.0,1,0.222459,
18,JUVIR COSTELLA,MDB,3,LUIS HENRIQUE BENTO LEAL,***.896.910-**,CPF,100000.0,1,0.123588,
18,JUVIR COSTELLA,MDB,4,JUVIR COSTELLA,***.084.210-**,CPF,88000.0,4,0.108758,
18,JUVIR COSTELLA,MDB,5,BIANCA MADRUGA MATTOS,***.176.320-**,CPF,50000.0,1,0.061794,
18,JUVIR COSTELLA,MDB,6,GILSON LARI TRENNEPOHL,***.387.010-**,CPF,40000.0,1,0.049435,
18,JUVIR COSTELLA,MDB,7,RICARDO SCHMITZ,***.805.430-**,CPF,30000.0,1,0.037077,
18,JUVIR COSTELLA,MDB,8,ELISANDRA SOTERO FERREIRA,***.866.350-**,CPF,10000.0,1,0.012359,
18,JUVIR COSTELLA,MDB,9,IRENO ANTONIO DOS REIS,***.926.290-**,CPF,10000.0,1,0.012359,
18,JUVIR COSTELLA,MDB,10,GILBERTO MARQUES DA LUZ,***.345.020-**,CPF,1137.0,1,0.001405,
19,LUCAS REDECKER,PSD,1,DIREÇÃO NACIONAL - PSD,13.629.827/0001-00,CNPJ,2260000.0,5,0.815425,
19,LUCAS REDECKER,PSD,2,PEDRO GRENDENE BARTELLE,***.647.840-**,CPF,150000.0,1,0.054121,
19,LUCAS REDECKER,PSD,3,JOAO FERNANDO HARTZ,***.692.300-**,CPF,100000.0,1,0.036081,
19,LUCAS REDECKER,PSD,4,CAROLINE ELTER,***.189.070-**,CPF,50000.0,1,0.01804,
19,LUCAS REDECKER,PSD,5,MATHIAS ELTER,***.808.740-**,CPF,50000.0,1,0.01804,
19,LUCAS REDECKER,PSD,6,FREDERICO CANTORI ANTUNES,68.475.890/0001-21,CNPJ,28000.0,1,0.010103,
19,LUCAS REDECKER,PSD,7,ROBERTO ARGENTA,***.933.240-**,CPF,20000.0,1,0.007216,
19,LUCAS REDECKER,PSD,8,VINICIUS GEREMIA,***.999.900-**,CPF,15000.0,1,0.005412,
19,LUCAS REDECKER,PSD,9,DIREÇÃO ESTADUAL/DISTRITAL - PSD - RIO GRANDE DO SUL,14.935.252/0001-17,CNPJ,10412.37,2,0.003757,
19,LUCAS REDECKER,PSD,10,GERALDO JOSE SCHMIDT,***.206.620-**,CPF,10000.0,1,0.003608,
19,LUCAS REDECKER,PSD,11,GUILHERME TIMMEN SCHMIDT,***.972.340-**,CPF,10000.0,1,0.003608,
19,LUCAS REDECKER,PSD,12,GUSTAVO TIMMEN SCHMIDT,***.259.760-**,CPF,10000.0,1,0.003608,
19,LUCAS REDECKER,PSD,13,MARCIANO NELSON LAUXEN,***.827.600-**,CPF,10000.0,1,0.003608,
19,LUCAS REDECKER,PSD,14,RENAN HENRICH,***.818.280-**,CPF,10000.0,1,0.003608,
19,LUCAS REDECKER,PSD,15,ELBIO JUNER FONSECA CORREA,***.414.700-**,CPF,5400.0,1,0.001948,
19,LUCAS REDECKER,PSD,16,CARLOS ALBERTO MESTRINER,***.686.718-**,CPF,5000.0,1,0.001804,
19,LUCAS REDECKER,PSD,17,NATALIA LUISA BISCHOFF,***.146.430-**,CPF,5000.0,1,0.001804,
19,LUCAS REDECKER,PSD,18,VALDIR MESTRINER,***.878.738-**,CPF,5000.0,1,0.001804,
19,LUCAS REDECKER,PSD,19,DIREÇÃO ESTADUAL/DISTRITAL - MDB - RIO GRANDE DO SUL,87.582.714/0001-33,CNPJ,4250.0,2,0.001533,
19,LUCAS REDECKER,PSD,20,GISLAINE ATHAYDES DA ROSA,***.025.500-**,CPF,3000.0,1,0.001082,
19,LUCAS REDECKER,PSD,21,LEOMIR MARQUES DA ROSA,***.974.660-**,CPF,3000.0,1,0.001082,
19,LUCAS REDECKER,PSD,22,SIOMARA SCHEMES SEVERO CASTRO,***.790.080-**,CPF,3000.0,2,0.001082,
19,LUCAS REDECKER,PSD,23,MAURI NUNES DA SILVA,***.421.350-**,CPF,2000.0,1,0.000722,
19,LUCAS REDECKER,PSD,24,JULIO ELOI HOFER,***.598.880-**,CPF,1000.0,1,0.000361,
19,LUCAS REDECKER,PSD,25,VAGNER ELLWANGER DA CUNDA,***.989.780-**,CPF,1000.0,1,0.000361,
19,LUCAS REDECKER,PSD,26,NEIVA TERESINHA ROSA DOS SANTOS,***.079.710-**,CPF,500.0,1,0.00018,
20,MARCELO MORAES,PL,1,DIREÇÃO NACIONAL - PL,08.517.423/0001-95,CNPJ,3170000.0,1,1.0,
21,MARCON,PT,1,DIREÇÃO NACIONAL - PT,00.676.262/0001-70,CNPJ,1800000.0,1,0.995025,
21,MARCON,PT,2,DIONILSO MATEUS MARCON,***.343.390-**,CPF,7000.0,2,0.00387,
21,MARCON,PT,3,ADELAR BREITENBACH,***.802.020-**,CPF,2000.0,2,0.001106,
22,MARIA DO ROSARIO,PT,1,DIREÇÃO NACIONAL - PT,00.676.262/0001-70,CNPJ,2815000.0,2,0.986458,
22,MARIA DO ROSARIO,PT,2,FINANCIAMENTO COLETIVO,,,18108.18,1,0.006346,
22,MARIA DO ROSARIO,PT,3,LEONARDO GOMES PEREIRA,***.906.330-**,CPF,10000.0,1,0.003504,
22,MARIA DO ROSARIO,PT,4,JACKSON DE BRITO RAYMUNDO,***.735.460-**,CPF,4000.0,2,0.001402,
22,MARIA DO ROSARIO,PT,5,NIDIA HERINGER,***.585.230-**,CPF,1500.0,1,0.000526,
22,MARIA DO ROSARIO,PT,6,PAULO ROBERTO SANGOI,***.719.800-**,CPF,1000.0,1,0.00035,
22,MARIA DO ROSARIO,PT,7,LUIS DIEGO SOARES DE OLIVEIRA,***.291.080-**,CPF,985.0,1,0.000345,
22,MARIA DO ROSARIO,PT,8,FERNANDO LEMOS PACHECO,***.407.890-**,CPF,750.0,1,0.000263,
22,MARIA DO ROSARIO,PT,9,CARLA COMERLATO JARDIM,***.198.490-**,CPF,500.0,1,0.000175,
22,MARIA DO ROSARIO,PT,10,CONSUELO APARECIDA SIELSKI SANTOS,***.521.509-**,CPF,500.0,1,0.000175,
22,MARIA DO ROSARIO,PT,11,NEUSA PIVATTO,***.756.890-**,CPF,500.0,1,0.000175,
22,MARIA DO ROSARIO,PT,12,SORAYA DA SILVEIRA FRANKE,***.404.840-**,CPF,400.0,1,0.00014,
22,MARIA DO ROSARIO,PT,13,MARIA DE POMPEIA LINS PESSOA,***.259.874-**,CPF,200.0,1,7e-05,
22,MARIA DO ROSARIO,PT,14,MARIA LUIZA CASTILHOS FLORES CRUZ,***.405.800-**,CPF,200.0,1,7e-05,
23,MAURÍCIO MARCON,PL,1,DIREÇÃO NACIONAL - PL,08.517.423/0001-95,CNPJ,780000.0,2,0.975,
23,MAURÍCIO MARCON,PL,2,CLAUDIO MAXIMILIANO BRANCHIERI,68.345.608/0001-91,CNPJ,20000.0,1,0.025,
24,OSMAR TERRA,PL,1,DIREÇÃO NACIONAL - PL,08.517.423/0001-95,CNPJ,3170000.0,1,0.937676,
24,OSMAR TERRA,PL,2,EDUARDO SHEN PACHECO DA SILVA,***.358.240-**,CPF,50000.0,1,0.01479,
24,OSMAR TERRA,PL,3,MAXIMILIANO CHANG LEE,***.420.480-**,CPF,50000.0,1,0.01479,
24,OSMAR TERRA,PL,4,MICHELE SHEN LEE,***.777.500-**,CPF,50000.0,1,0.01479,
24,OSMAR TERRA,PL,5,JOSE ROBERTO FRAGA GOULART,***.243.510-**,CPF,25000.0,1,0.007395,
24,OSMAR TERRA,PL,6,LEE SHING WEN,***.618.130-**,CPF,25000.0,1,0.007395,
24,OSMAR TERRA,PL,7,MIGUEL ANGELO GOMES OLIVEIRA,***.793.290-**,CPF,2000.0,2,0.000592,
24,OSMAR TERRA,PL,8,ANDRE CANABARRO SABO,***.387.680-**,CPF,1200.0,1,0.000355,
24,OSMAR TERRA,PL,9,JAIR RODRIGUES DA FONSECA,***.421.930-**,CPF,1200.0,1,0.000355,
24,OSMAR TERRA,PL,10,MABEL MASKE,***.130.200-**,CPF,1200.0,1,0.000355,
24,OSMAR TERRA,PL,11,PAULO CESAR GIROLDI,***.289.330-**,CPF,1200.0,1,0.000355,
24,OSMAR TERRA,PL,12,PRISCILA LUANA KRUMMENAUER MANTEY,***.625.470-**,CPF,1200.0,1,0.000355,
24,OSMAR TERRA,PL,13,ROMEU WEBER,***.206.290-**,CPF,1200.0,1,0.000355,
24,OSMAR TERRA,PL,14,IRLETE TEREZINHA BERVIAN,***.777.490-**,CPF,1000.0,1,0.000296,
24,OSMAR TERRA,PL,15,EDSON LUIS MARQUES FARIA,***.029.820-**,CPF,500.0,1,0.000148,
25,PEDRO WESTPHALEN,PP,1,DIREÇÃO NACIONAL - PP,00.887.169/0001-05,CNPJ,2616555.2,3,0.897456,
25,PEDRO WESTPHALEN,PP,2,CARINA BAIRROS,***.433.850-**,CPF,50000.0,1,0.01715,
25,PEDRO WESTPHALEN,PP,3,LUIS HENRIQUE BENTO LEAL,***.896.910-**,CPF,50000.0,1,0.01715,
25,PEDRO WESTPHALEN,PP,4,GILSON LARI TRENNEPOHL,***.387.010-**,CPF,40000.0,1,0.01372,
25,PEDRO WESTPHALEN,PP,5,BASILICIO SARAVIA NETO,***.611.566-**,CPF,30000.0,1,0.01029,
25,PEDRO WESTPHALEN,PP,6,MARCELO RIBEIRO,***.093.560-**,CPF,30000.0,1,0.01029,
25,PEDRO WESTPHALEN,PP,7,JOSE KLIEMANN,***.850.180-**,CPF,25000.0,1,0.008575,
25,PEDRO WESTPHALEN,PP,8,GLENIO PAULO MACHADO,***.930.900-**,CPF,15000.0,1,0.005145,
25,PEDRO WESTPHALEN,PP,9,MARIO HENRIQUES WESTPHALEN,***.415.940-**,CPF,10000.0,1,0.00343,
25,PEDRO WESTPHALEN,PP,10,ROGERIO REIS DOS SANTOS,***.527.600-**,CPF,10000.0,1,0.00343,
25,PEDRO WESTPHALEN,PP,11,ROMEU CORTES DOMINGUES,***.268.737-**,CPF,10000.0,1,0.00343,
25,PEDRO WESTPHALEN,PP,12,ANGELA FRIEDRICH,***.362.100-**,CPF,7000.0,1,0.002401,
25,PEDRO WESTPHALEN,PP,13,NELSON HENTZ,***.629.950-**,CPF,7000.0,1,0.002401,
25,PEDRO WESTPHALEN,PP,14,ROBERTO FURIAN ARDENGHY,***.581.500-**,CPF,5000.0,1,0.001715,
25,PEDRO WESTPHALEN,PP,15,EVANDO HERTHER DA SILVA,***.023.680-**,CPF,3000.0,1,0.001029,
25,PEDRO WESTPHALEN,PP,16,CARLOS EDUARDO PAULA LEITE GOUVEA,***.096.818-**,CPF,2000.0,1,0.000686,
25,PEDRO WESTPHALEN,PP,17,DANIEL GODOY EUZEBIO,***.672.320-**,CPF,1500.0,1,0.000514,
25,PEDRO WESTPHALEN,PP,18,JOSE ARLINDO RABER,***.016.920-**,CPF,1350.0,1,0.000463,
25,PEDRO WESTPHALEN,PP,19,TERESINHA KLIEMANN HOFFMANN,***.259.080-**,CPF,1060.0,1,0.000364,
25,PEDRO WESTPHALEN,PP,20,VALTER JOSE DA SILVA,***.472.690-**,CPF,1060.0,1,0.000364,
26,PERONDI,PL,1,DIREÇÃO NACIONAL - PL,08.517.423/0001-95,CNPJ,1000000.0,1,0.904977,
26,PERONDI,PL,2,ALUIZIO MERLIN RIBEIRO,***.757.780-**,CPF,40000.0,1,0.036199,
26,PERONDI,PL,3,ROGERIO MERLIN RIBEIRO,***.631.550-**,CPF,40000.0,1,0.036199,
26,PERONDI,PL,4,EDUARDO DEFINE,***.232.368-**,CPF,10000.0,1,0.00905,
26,PERONDI,PL,5,MARCIANO PERONDI,***.994.230-**,CPF,7000.0,2,0.006335,
26,PERONDI,PL,6,EDUARDO ROBERTO JACOUB NADER,***.018.180-**,CPF,4000.0,1,0.00362,
26,PERONDI,PL,7,MARCOS FLAVIO LAUD SALIM,***.127.640-**,CPF,4000.0,1,0.00362,
27,POMPEO DE MATTOS,PDT,1,DIREÇÃO NACIONAL - PDT,00.719.575/0001-69,CNPJ,3000000.0,2,1.0,
28,RONY GABRIEL,Podemos,1,DIREÇÃO NACIONAL - PODE,01.248.362/0001-69,CNPJ,1261991.0,1,0.925398,
28,RONY GABRIEL,Podemos,2,FINANCIAMENTO COLETIVO,,,75589.22,2,0.055428,
28,RONY GABRIEL,Podemos,3,DAIANE DE SOUZA BORGES,***.323.510-**,CPF,12000.0,1,0.008799,
28,RONY GABRIEL,Podemos,4,ABMAEL ALMEIDA DE OLIVEIRA,***.817.130-**,CPF,5000.0,1,0.003666,
28,RONY GABRIEL,Podemos,5,GILBERTO SANTOS DE MELO,***.261.490-**,CPF,5000.0,1,0.003666,
28,RONY GABRIEL,Podemos,6,MARINA BEATRIS FERRONATTO NESTOR,***.451.400-**,CPF,4100.0,1,0.003006,
28,RONY GABRIEL,Podemos,7,RONY DE ASSIS GABRIEL,68.293.647/0001-92,CNPJ,47.32,40,3.5e-05,
29,SERGIO ZAMBIASI,Podemos,1,DIREÇÃO NACIONAL - PODE,01.248.362/0001-69,CNPJ,866965.0,1,0.805841,
29,SERGIO ZAMBIASI,Podemos,2,DIREÇÃO ESTADUAL/DISTRITAL - PODE - RIO GRANDE DO SUL,11.036.509/0001-00,CNPJ,201286.64,38,0.187095,
29,SERGIO ZAMBIASI,Podemos,3,LUIZ ALBERTO ALBANEZE,***.782.950-**,CPF,3500.0,2,0.003253,
29,SERGIO ZAMBIASI,Podemos,4,JULIANA DALLA COLLETTA CASAGRANDE,***.166.950-**,CPF,2500.0,1,0.002324,
29,SERGIO ZAMBIASI,Podemos,5,EVERTON LUIS GOMES BRAZ,***.533.910-**,CPF,1600.0,1,0.001487,
30,VALDECI OLIVEIRA,PT,1,DIREÇÃO NACIONAL - PT,00.676.262/0001-70,CNPJ,855500.0,2,0.972706,
30,VALDECI OLIVEIRA,PT,2,CANISIO ROQUE SCHMIDT,***.548.700-**,CPF,3000.0,1,0.003411,
30,VALDECI OLIVEIRA,PT,3,FERNANDO ZASSO PIGATTO,***.393.060-**,CPF,2000.0,2,0.002274,
30,VALDECI OLIVEIRA,PT,4,JORGE KLANOVICZ,***.570.930-**,CPF,2000.0,1,0.002274,
30,VALDECI OLIVEIRA,PT,5,NIDIA HERINGER,***.585.230-**,CPF,2000.0,1,0.002274,
30,VALDECI OLIVEIRA,PT,6,CARLOS EDUARDO CHAISE,***.892.500-**,CPF,1500.0,1,0.001706,
30,VALDECI OLIVEIRA,PT,7,JORGE SANTOS BUCHABQUI,***.923.900-**,CPF,1500.0,1,0.001706,
30,VALDECI OLIVEIRA,PT,8,LUCIANE PEREIRA DALLA VALENTINA,***.545.100-**,CPF,1500.0,1,0.001706,
30,VALDECI OLIVEIRA,PT,9,FABIO NUNES CASTRO,***.360.860-**,CPF,1000.0,1,0.001137,
30,VALDECI OLIVEIRA,PT,10,HELIO CORBELLINI FILHO,***.616.410-**,CPF,1000.0,1,0.001137,
30,VALDECI OLIVEIRA,PT,11,MARIO RAUL DA ROSA CORREA,***.129.360-**,CPF,1000.0,1,0.001137,
30,VALDECI OLIVEIRA,PT,12,NILDO INACIO TONIN,***.077.700-**,CPF,1000.0,1,0.001137,
30,VALDECI OLIVEIRA,PT,13,SANDRA DE FATIMA BATISTA DE DEUS,***.384.860-**,CPF,1000.0,1,0.001137,
30,VALDECI OLIVEIRA,PT,14,ERICO MARLON DE MORAES FLORES,***.409.140-**,CPF,700.0,2,0.000796,
30,VALDECI OLIVEIRA,PT,15,FLAVIO DIAS MAYER,***.334.610-**,CPF,500.0,1,0.000569,
30,VALDECI OLIVEIRA,PT,16,GENAIR SCHNEIDER,***.460.300-**,CPF,500.0,1,0.000569,
30,VALDECI OLIVEIRA,PT,17,JOSE NERI GOTTFRIED PANIZ,***.768.800-**,CPF,500.0,1,0.000569,
30,VALDECI OLIVEIRA,PT,18,ANTONIO TARCISIO DA LUZ REIS,***.819.830-**,CPF,400.0,1,0.000455,
30,VALDECI OLIVEIRA,PT,19,ASCISIO DOS REIS PEREIRA,***.720.998-**,CPF,300.0,1,0.000341,
30,VALDECI OLIVEIRA,PT,20,PAULO FERNANDO BASSO,***.766.390-**,CPF,300.0,1,0.000341,
30,VALDECI OLIVEIRA,PT,21,SONIA ELISABETE CONSTANTE,***.896.910-**,CPF,300.0,1,0.000341,
30,VALDECI OLIVEIRA,PT,22,JOSE ZANELLA,***.424.240-**,CPF,250.0,1,0.000284,
30,VALDECI OLIVEIRA,PT,23,CEZAR AUGUSTO BIZZI,***.401.730-**,CPF,200.0,1,0.000227,
30,VALDECI OLIVEIRA,PT,24,JOSE AMERICO DE MELLO FILHO,***.890.528-**,CPF,200.0,1,0.000227,
30,VALDECI OLIVEIRA,PT,25,PAOLA DE AZEVEDO MELLO,***.402.610-**,CPF,200.0,1,0.000227,
30,VALDECI OLIVEIRA,PT,26,REJANE SCOPEL HOFFMANN,***.976.260-**,CPF,200.0,1,0.000227,
30,VALDECI OLIVEIRA,PT,27,ROCHELE SOGARI PICOLOTO,***.652.760-**,CPF,200.0,1,0.000227,
30,VALDECI OLIVEIRA,PT,28,SERGIO LUIZ JAHN,***.352.440-**,CPF,200.0,1,0.000227,
30,VALDECI OLIVEIRA,PT,29,SUELI TEREZINHA GOI BARRIOS,***.151.110-**,CPF,200.0,1,0.000227,
30,VALDECI OLIVEIRA,PT,30,JOAO DE DEUS DE OLIVEIRA BARRIOS,***.710.190-**,CPF,100.0,1,0.000114,
30,VALDECI OLIVEIRA,PT,31,JUAREZ FELISBERTO,***.789.900-**,CPF,100.0,1,0.000114,
30,VALDECI OLIVEIRA,PT,32,PAULO ROBERTO TIECHER DE JESUS,***.656.901-**,CPF,100.0,1,0.000114,
30,VALDECI OLIVEIRA,PT,33,PEDRO COELHO JUNIOR,***.395.210-**,CPF,30.0,1,3.4e-05,
30,VALDECI OLIVEIRA,PT,34,LUIZ MARIO KRISTOSCH DOS SANTOS,***.980.650-**,CPF,25.0,1,2.8e-05,
31,VILMAR ZANCHIN,MDB,1,DIREÇÃO NACIONAL - MDB,00.676.213/0001-38,CNPJ,350000.0,2,0.549751,
31,VILMAR ZANCHIN,MDB,2,DIREÇÃO ESTADUAL/DISTRITAL - MDB - RIO GRANDE DO SUL,87.582.714/0001-33,CNPJ,182949.19,5,0.287361,
31,VILMAR ZANCHIN,MDB,3,VILMAR PERIN ZANCHIN,***.261.730-**,CPF,55500.0,11,0.087175,
31,VILMAR ZANCHIN,MDB,4,IVANIR RONCATTO,***.470.890-**,CPF,15000.0,1,0.023561,
31,VILMAR ZANCHIN,MDB,5,HERMENEGILDO FRACAO JUNIOR,***.150.460-**,CPF,5000.0,1,0.007854,
31,VILMAR ZANCHIN,MDB,6,JOAREZ LUIS SANDRI,***.395.340-**,CPF,5000.0,1,0.007854,
31,VILMAR ZANCHIN,MDB,7,PAULO ROBERTO DA SILVA,***.142.020-**,CPF,5000.0,2,0.007854,
31,VILMAR ZANCHIN,MDB,8,RENATA CECERE TYBUSCH MARQUES,***.731.300-**,CPF,4003.0,1,0.006288,
31,VILMAR ZANCHIN,MDB,9,LUIZ ALCIDES CAPOANI,***.831.730-**,CPF,2500.0,1,0.003927,
31,VILMAR ZANCHIN,MDB,10,HENRIQUE LUCIANO ONGARATTO,***.506.630-**,CPF,2000.0,1,0.003141,
31,VILMAR ZANCHIN,MDB,11,IVANIR PEREIRA,***.177.410-**,CPF,2000.0,1,0.003141,
31,VILMAR ZANCHIN,MDB,12,LERI LUIS SIX BOTTON,***.277.220-**,CPF,2000.0,1,0.003141,
31,VILMAR ZANCHIN,MDB,13,MAURI EDUARDO DE BARROS HEINRICH,***.085.170-**,CPF,2000.0,1,0.003141,
31,VILMAR ZANCHIN,MDB,14,JAIRO PAULO LEYTER,***.179.770-**,CPF,1000.0,1,0.001571,
31,VILMAR ZANCHIN,MDB,15,LUIZ FERNANDO SALVADORI ZACHIA,***.946.440-**,CPF,1000.0,1,0.001571,
31,VILMAR ZANCHIN,MDB,16,MARINA SOMAVILLA SCHLEINTVEIN,***.953.900-**,CPF,1000.0,1,0.001571,
31,VILMAR ZANCHIN,MDB,17,ALDIR ZANELLA DA SILVA,***.085.300-**,CPF,500.0,1,0.000785,
31,VILMAR ZANCHIN,MDB,18,OSMAR ANDRE QUEIROS TEIXEIRA,***.194.120-**,CPF,100.0,1,0.000157,
31,VILMAR ZANCHIN,MDB,19,REGIANE CAVALLI CASAGRANDE,***.896.240-**,CPF,100.0,1,0.000157,
