Cargo,#,Nome de urna,Número,Partido,Votos,Situação
Federal,1,MAURÍCIO MARCON,2277,PL,379834,Eleito por QP
Federal,2,FERNANDA MELCHIONNA,5050,PSOL,280262,Eleito por QP
Federal,3,GIOVANI CHERINI,2222,PL,234171,Eleito por QP
Federal,4,RONY GABRIEL,2022,PODE,223643,Eleito por QP
Federal,5,ALCEU MOREIRA,1500,MDB,217208,Eleito por QP
Federal,6,MARIA DO ROSARIO,1370,PT,173788,Eleito por QP
Federal,7,AFONSO HAMM,1166,PP,152762,Eleito por QP
Federal,8,ANY ORTIZ,1123,PP,151433,Eleito por QP
Federal,9,PEDRO WESTPHALEN,1144,PP,128095,Eleito por QP
Federal,10,COVATTI FILHO,1111,PP,123360,Eleito por média
Federal,11,OSMAR TERRA,2215,PL,116647,Eleito por QP
Federal,12,DAIANA SANTOS,6565,PCDOB,114315,Eleito por QP
Federal,13,BOHN GASS,1320,PT,111196,Eleito por QP
Federal,14,DANRLEI,5501,PSD,105079,Eleito por QP
Federal,15,MARCELO MORAES,2214,PL,103292,Eleito por QP
Federal,16,DENISE PESSÔA,1333,PT,100893,Eleito por QP
Federal,17,LUCAS REDECKER,5511,PSD,99817,Eleito por QP
Federal,18,MARCON,1355,PT,99566,Eleito por QP
Federal,19,JESSÉ SANGALLI,2230,PL,94625,Eleito por QP
Federal,20,GUSTAVO VICTORINO,1022,REPUBLICANOS,94428,Eleito por QP
Federal,21,VALDECI OLIVEIRA,1307,PT,93419,Eleito por média
Federal,22,DIOGO SIQUEIRA,2244,PL,93067,Eleito por QP
Federal,23,FELIPE CAMOZZATO,3030,NOVO,85167,Eleito por QP
Federal,24,POMPEO DE MATTOS,1212,PDT,83934,Eleito por QP
Federal,25,CARLOS GOMES,1010,REPUBLICANOS,82245,Eleito por média
Federal,26,JUVIR COSTELLA,1520,MDB,77933,Eleito por QP
Federal,27,BIBO NUNES,2200,PL,74207,Eleito por média
Federal,28,PERONDI,2201,PL,73974,Eleito por média
Federal,29,BUSATO,4444,UNIÃO,60127,Eleito por média
Federal,30,SERGIO ZAMBIASI,2007,PODE,44929,Eleito por QP
Federal,31,VILMAR ZANCHIN,1515,MDB,40406,Eleito por média
Estadual,1,ADRI CHERINI,22222,PL,129492,Eleito por QP
Estadual,2,DELEGADO ZUCCO,10222,REPUBLICANOS,128599,Eleito por QP
Estadual,3,LUCIANA GENRO,50000,PSOL,127601,Eleito por QP
Estadual,4,PROFESSOR CLÁUDIO BRANCHIERI,22777,PL,123437,Eleito por QP
Estadual,5,COMANDANTE NÁDIA,22190,PL,111341,Eleito por QP
Estadual,6,GUILHERME PASIN,11333,PP,99470,Eleito por QP
Estadual,7,MATHEUS GOMES,50123,PSOL,98813,Eleito por QP
Estadual,8,LEONEL RADDE,13007,PT,93787,Eleito por QP
Estadual,9,JOEL WILHELM,11000,PP,88572,Eleito por QP
Estadual,10,PAPARICO BACCHI,22212,PL,71922,Eleito por QP
Estadual,11,ROBERTO LUCCHESE,15386,MDB,71720,Eleito por QP
Estadual,12,ADÃO PRETTO,13655,PT,68042,Eleito por QP
Estadual,13,LUCIANO SILVEIRA,15000,MDB,64235,Eleito por QP
Estadual,14,BETO FANTINEL,15500,MDB,61177,Eleito por QP
Estadual,15,DIRCEU FRANCISCON,44444,UNIÃO,60456,Eleito por QP
Estadual,16,MARCUS VINÍCIUS,11211,PP,59574,Eleito por QP
Estadual,17,PEPE VARGAS,13001,PT,58532,Eleito por QP
Estadual,18,KELLY MORAES,22214,PL,56436,Eleito por QP
Estadual,19,SCALCO,22100,PL,55570,Eleito por QP
Estadual,20,DELEGADA NADINE,55444,PSD,55223,Eleito por QP
Estadual,21,RAMIRO ROSÁRIO,30000,NOVO,54903,Eleito por QP
Estadual,22,NATASHA,13100,PT,54027,Eleito por QP
Estadual,23,SERGIO PERES,10300,REPUBLICANOS,52879,Eleito por QP
Estadual,24,GIO KRUG,55190,PSD,49844,Eleito por QP
Estadual,25,JEFERSON FERNANDES,13120,PT,49047,Eleito por QP
Estadual,26,HALLEY,13111,PT,47138,Eleito por QP
Estadual,27,RAFAEL BRAGA,15015,MDB,46718,Eleito por QP
Estadual,28,RONIZE DAMASSINI,11123,PP,46061,Eleito por QP
Estadual,29,LUÍS FERNANDO PIRES,11522,PP,45172,Eleito por QP
Estadual,30,DELEGADA ANA TAROUCO,55222,PSD,44474,Eleito por QP
Estadual,31,NICOLE WEBER COVATTI,11011,PP,43239,Eleito por QP
Estadual,32,DIMAS COSTA,55456,PSD,42677,Eleito por QP
Estadual,33,KAREN SANTOS,50555,PSOL,40998,Eleito por média
Estadual,34,SALMO,11999,PP,40703,Eleito por média
Estadual,35,CLÁUDIO TATSCH,22034,PL,40652,Eleito por QP
Estadual,36,HUMBERTO MATOS,65065,PCDOB,40122,Eleito por QP
Estadual,37,EDUARDO LOUREIRO,12412,PDT,39890,Eleito por QP
Estadual,38,RONALDO SANTINI,20500,PODE,39373,Eleito por QP
Estadual,39,BRUNA MOLZ,20510,PODE,38772,Eleito por QP
Estadual,40,ZÉ NUNES,13500,PT,38726,Eleito por QP
Estadual,41,CAPITÃO MARTIM,10122,REPUBLICANOS,37589,Eleito por QP
Estadual,42,SOFIA CAVEDON,13400,PT,37165,Eleito por média
Estadual,43,EDIVILSON BRUM,15200,MDB,36864,Eleito por QP
Estadual,44,MARCELO ARRUDA,55755,PSD,36804,Eleito por QP
Estadual,45,MIGUEL ROSSETTO,13000,PT,35913,Eleito por média
Estadual,46,ELIZANDRO SABINO,10777,REPUBLICANOS,35727,Eleito por QP
Estadual,47,VANICE DE MATOS,22215,PL,35428,Eleito por QP
Estadual,48,DAIANE MELLO,22522,PL,32158,Eleito por QP
Estadual,49,DIEGO PICUCHA,12900,PDT,32004,Eleito por QP
Estadual,50,TIAGO CADÓ,12000,PDT,31162,Eleito por QP
Estadual,51,GILMAR SOSSELLA,12333,PDT,29432,Eleito por média
Estadual,52,JUNIOR FOX,22011,PL,26463,Eleito por QP
Estadual,53,ADRIANA LARA,22789,PL,26129,Eleito por média
Estadual,54,ALI KLEMT,22800,PL,24733,Eleito por média
Estadual,55,MOISÉS BARBOZA,45900,PSDB,21615,Eleito por QP
