cargo,nome_urna,nome_completo,partido,numero,genero,cor_raca,situacao,votos,contas_atualizadas_em,receita_liquida,receita_partidos,receita_direcao_nacional,receita_direcao_estadual,receita_direcao_municipal,receita_outros_candidatos,receita_pessoas_fisicas,receita_recursos_proprios,receita_financiamento_coletivo,receita_internet,receita_aplicacoes,receita_estimaveis,doadores,despesa_total,despesa_contratada,despesa_doacoes_outros_candidatos,despesa_paga,despesa_sobre_limite,despesa_facebook,lancamentos_facebook,despesa_impulsionamento,despesa_militancia_rua,despesa_pessoal,despesa_contratacao_pessoas,despesa_servicos_terceiros,pago_pessoas_fisicas,pessoas_fisicas_pagas,principal_tipo_despesa,principal_tipo_despesa_pct,fornecedores,receita_por_voto,despesa_por_voto
Federal,MAURÍCIO MARCON,MAURICIO BEDIN MARCON,PL,2277,Masculino,Branca,Eleito por QP,379834,2026-09-13,800000.0,780000.0,780000.0,0.0,0.0,20000.0,0.0,0.0,0.0,0.0,0.0,0.0,2,362131.49,362131.49,0.0,361891.39,0.114,0.0,0,0.0,0.0,0.0,0.0,109650.0,72250.0,9,SERVIÇOS PRESTADOS POR TERCEIROS,0.3028,31,2.11,0.95
Federal,FERNANDA MELCHIONNA,FERNANDA MELCHIONNA E SILVA,PSOL,5050,Feminino,Branca,Eleito por QP,280262,2026-09-30,2437125.27,2281470.27,2091567.46,189902.81,0.0,0.0,118700.0,32500.0,4455.0,0.0,0.0,226102.81,45,1956095.07,1956095.07,0.0,1314857.9,0.6158,2000.0,1,437000.0,527717.18,0.0,527717.18,198040.0,591817.18,188,ATIVIDADES DE MILITÂNCIA E MOBILIZAÇÃO DE RUA,0.2698,239,8.7,6.98
Federal,GIOVANI CHERINI,GIOVANI CHERINI,PL,2222,Masculino,Branca,Eleito por QP,234171,2026-10-02,3211000.0,3170000.0,3170000.0,0.0,0.0,0.0,35000.0,6000.0,0.0,0.0,0.0,5000.0,5,2938715.34,2804715.34,134000.0,2451403.13,0.9251,420000.0,11,420000.0,967870.0,225000.0,1192870.0,3800.0,1238680.55,353,ATIVIDADES DE MILITÂNCIA E MOBILIZAÇÃO DE RUA,0.3294,413,13.71,12.55
Federal,RONY GABRIEL,RONY DE ASSIS GABRIEL,Podemos,2022,Masculino,Parda,Eleito por QP,223643,2026-09-30,1363727.54,1261991.0,1261991.0,0.0,0.0,0.0,26100.0,0.0,75589.22,0.0,47.32,4100.0,7,1101419.36,1091419.36,10000.0,997828.43,0.3467,250000.0,16,250000.0,88000.0,0.0,88000.0,478376.67,344355.0,62,SERVIÇOS PRESTADOS POR TERCEIROS,0.4343,116,6.1,4.92
Federal,ALCEU MOREIRA,ALCEU MOREIRA DA SILVA,MDB,1500,Masculino,Branca,Eleito por QP,217208,2026-10-04,3052500.0,2330000.0,2330000.0,0.0,0.0,0.0,707500.0,15000.0,0.0,0.0,0.0,0.0,17,1520125.58,1403464.39,116661.19,1242204.2,0.4785,290000.0,8,452000.0,0.0,0.0,0.0,0.0,6000.0,1,PUBLICIDADE POR MATERIAIS IMPRESSOS,0.46,42,14.05,7.0
Federal,MARIA DO ROSARIO,MARIA DO ROSARIO NUNES,PT,1370,Feminino,Branca,Eleito por QP,173788,2026-10-05,2853643.18,2815000.0,2815000.0,0.0,0.0,0.0,20535.0,0.0,18108.18,0.0,0.0,0.0,14,1959431.04,1939431.04,20000.0,1010121.62,0.6168,27000.0,2,27000.0,907464.0,0.0,907464.0,195322.75,984444.0,251,ATIVIDADES DE MILITÂNCIA E MOBILIZAÇÃO DE RUA,0.4631,284,16.42,11.27
Federal,AFONSO HAMM,JOSE ALFONSO EBERT HAMM,PP,1166,Masculino,Branca,Eleito por QP,152762,2026-10-02,2888555.2,2651555.2,2636555.2,15000.0,0.0,0.0,237000.0,0.0,0.0,0.0,0.0,199000.0,32,1467243.36,1467243.36,0.0,967974.86,0.4619,0.0,0,20000.0,590010.5,0.0,590010.5,140500.0,651410.5,196,ATIVIDADES DE MILITÂNCIA E MOBILIZAÇÃO DE RUA,0.4021,244,18.91,9.6
Federal,ANY ORTIZ,ANY MACHADO ORTIZ,PP,1123,Feminino,Branca,Eleito por QP,151433,2026-10-03,2930530.65,2905030.65,2890030.65,15000.0,0.0,0.0,25500.0,0.0,0.0,0.0,0.0,0.0,10,1704192.94,1704192.94,0.0,677138.61,0.5365,60000.0,1,60000.0,369850.0,223450.0,593300.0,108857.79,628482.39,166,PUBLICIDADE POR MATERIAIS IMPRESSOS,0.4286,194,19.35,11.25
Federal,PEDRO WESTPHALEN,PEDRO BANDARRA WESTPHALEN,PP,1144,Masculino,Branca,Eleito por QP,128095,2026-09-28,2915525.2,2616555.2,2616555.2,0.0,0.0,0.0,298970.0,0.0,0.0,0.0,0.0,21500.0,20,1873803.18,1873803.18,0.0,1155475.15,0.5899,18700.0,6,18700.0,0.0,808400.0,808400.0,0.0,887900.0,346,DESPESAS COM PESSOAL,0.4314,408,22.76,14.63
Federal,COVATTI FILHO,LUIS ANTONIO FRANCISCATTO COVATTI,PP,1111,Masculino,Branca,Eleito por média,123360,2026-09-17,3028392.81,3023381.7,3023381.7,0.0,0.0,0.0,5011.11,0.0,0.0,0.0,0.0,0.0,2,816263.18,816263.18,0.0,778763.18,0.257,0.0,0,0.0,298375.0,0.0,298375.0,0.0,308375.0,401,ATIVIDADES DE MILITÂNCIA E MOBILIZAÇÃO DE RUA,0.3655,422,24.55,6.62
Federal,OSMAR TERRA,OSMAR GASPARINI TERRA,PL,2215,Masculino,Branca,Eleito por QP,116647,2026-10-06,3380700.0,3170000.0,3170000.0,0.0,0.0,0.0,210700.0,0.0,0.0,0.0,0.0,8200.0,15,2493988.23,2493988.23,0.0,591568.36,0.7851,20000.0,1,20000.0,492715.69,228500.0,721215.69,658190.0,1319325.69,258,SERVIÇOS PRESTADOS POR TERCEIROS,0.2639,302,28.98,21.38
Federal,DAIANA SANTOS,DAIANA SILVA DOS SANTOS,PCdoB,6565,Feminino,Preta,Eleito por QP,114315,2026-09-28,2369104.01,2262900.0,2247900.0,15000.0,0.0,0.0,94850.01,10000.0,1354.0,0.0,0.0,0.0,44,1125850.45,1125850.45,0.0,874679.73,0.3544,81000.0,6,81000.0,320890.0,7949.0,328839.0,249640.0,427830.0,137,PUBLICIDADE POR MATERIAIS IMPRESSOS,0.3656,161,20.72,9.85
Federal,BOHN GASS,ELVINO JOSE BOHN GASS,PT,1320,Masculino,Branca,Eleito por QP,111196,2026-10-02,1912800.13,1815500.0,1815500.0,0.0,0.0,0.0,97300.13,0.0,0.0,0.0,0.0,15500.0,32,1444997.58,1076497.58,368500.0,941954.58,0.4549,109000.0,5,109000.0,291029.0,306880.0,597909.0,5000.0,630929.0,173,DOAÇÕES FINANCEIRAS A OUTROS CANDIDATOS/PARTIDOS,0.255,198,17.2,13.0
Federal,DANRLEI,DANRLEI DE DEUS HINTERHOLZ,PSD,5501,Masculino,Branca,Eleito por QP,105079,2026-09-29,2246100.0,2240000.0,2240000.0,0.0,0.0,0.0,6100.0,0.0,0.0,0.0,0.0,3100.0,3,2039189.04,1479189.04,560000.0,1408545.54,0.6419,30000.0,1,69000.0,338382.39,78626.0,417008.39,10000.0,381182.39,151,DOAÇÕES FINANCEIRAS A OUTROS CANDIDATOS/PARTIDOS,0.2746,217,21.38,19.41
Federal,MARCELO MORAES,MARCELO PIRES MORAES,PL,2214,Masculino,Branca,Eleito por QP,103292,2026-09-13,3170000.0,3170000.0,3170000.0,0.0,0.0,0.0,0.0,0.0,0.0,0.0,0.0,0.0,1,699371.35,671371.35,28000.0,670171.35,0.2202,10000.0,2,31000.0,201846.68,69800.0,271646.68,10000.0,328696.68,219,ATIVIDADES DE MILITÂNCIA E MOBILIZAÇÃO DE RUA,0.2886,257,30.69,6.77
Federal,DENISE PESSÔA,DENISE DA SILVA PESSÔA,PT,1333,Feminino,Preta,Eleito por QP,100893,2026-10-05,2950470.0,2940500.0,2940500.0,0.0,0.0,0.0,9970.0,0.0,0.0,0.0,0.0,18500.0,16,1656346.75,1626346.75,30000.0,1202768.75,0.5214,120000.0,2,120000.0,761056.0,0.0,761056.0,105498.75,739036.0,264,ATIVIDADES DE MILITÂNCIA E MOBILIZAÇÃO DE RUA,0.4595,293,29.24,16.42
Federal,LUCAS REDECKER,LUCAS BELLO REDECKER,PSD,5511,Masculino,Branca,Eleito por QP,99817,2026-10-06,2771562.37,2274662.37,2260000.0,14662.37,0.0,28000.0,468900.0,0.0,0.0,0.0,0.0,22562.37,26,1898322.01,1603322.01,295000.0,1010316.77,0.5976,35000.0,2,35000.0,199950.0,37920.0,237870.0,423886.0,541574.5,132,SERVIÇOS PRESTADOS POR TERCEIROS,0.2233,180,27.77,19.02
Federal,MARCON,DIONILSO MATEUS MARCON,PT,1355,Masculino,Branca,Eleito por QP,99566,2026-10-03,1809000.0,1800000.0,1800000.0,0.0,0.0,0.0,2000.0,7000.0,0.0,0.0,0.0,0.0,3,1728319.32,1553594.32,174725.0,1250826.83,0.5441,50000.0,1,50000.0,274350.0,0.0,274350.0,241150.0,532419.5,225,PUBLICIDADE POR MATERIAIS IMPRESSOS,0.3623,274,18.17,17.36
Federal,JESSÉ SANGALLI,JESSÉ SANGALLI DE MELLO,PL,2230,Masculino,Branca,Eleito por QP,94625,2026-10-05,1388105.52,1235000.0,1235000.0,0.0,0.0,35000.0,22037.3,0.0,96068.22,0.0,0.0,0.0,18,818951.42,793951.42,25000.0,666800.84,0.2578,60270.0,2,60270.0,0.0,149943.62,149943.62,900.0,149933.62,139,PUBLICIDADE POR MATERIAIS IMPRESSOS,0.4979,160,14.67,8.65
Federal,GUSTAVO VICTORINO,GUSTAVO ADOLFO VICTORINO GREHS,Republicanos,1022,Masculino,Branca,Eleito por QP,94428,2026-10-05,1617754.97,1599360.0,1599360.0,0.0,0.0,0.0,15030.66,0.0,3364.31,0.0,0.0,0.0,5,634995.95,634995.95,0.0,305008.59,0.1999,0.0,0,0.0,0.0,0.0,0.0,313600.0,220600.0,25,SERVIÇOS PRESTADOS POR TERCEIROS,0.4939,34,17.13,6.72
Federal,VALDECI OLIVEIRA,ANTONIO VALDECI OLIVEIRA DE OLIVEIRA,PT,1307,Masculino,Branca,Eleito por média,93419,2026-10-06,879505.0,855500.0,855500.0,0.0,0.0,0.0,24005.0,0.0,0.0,0.0,0.0,15500.0,34,723270.24,586270.24,137000.0,493065.24,0.2277,15000.0,5,15000.0,187500.0,0.0,187500.0,0.0,199100.0,151,PUBLICIDADE POR MATERIAIS IMPRESSOS,0.3909,174,9.41,7.74
Federal,DIOGO SIQUEIRA,DIOGO SEGABINAZZI SIQUEIRA,PL,2244,Masculino,Branca,Eleito por QP,93067,2026-09-25,1036100.0,1000000.0,1000000.0,0.0,0.0,0.0,36100.0,0.0,0.0,0.0,0.0,0.0,28,216969.46,206969.46,10000.0,93289.06,0.0683,1000.0,1,10995.46,0.0,0.0,0.0,9381.94,0.0,0,CORRESPONDÊNCIAS E DESPESAS POSTAIS,0.3053,36,11.13,2.33
Federal,FELIPE CAMOZZATO,FELIPE ZORTÉA CAMOZZATO,Novo,3030,Masculino,Branca,Eleito por QP,85167,2026-10-05,2207247.73,1845968.18,1605400.0,240568.18,0.0,0.0,321272.92,0.0,40006.63,0.0,0.0,24068.18,59,1623086.73,1295886.73,327200.0,1094046.73,0.511,225000.0,11,225000.0,18130.0,324400.0,342530.0,81347.5,359530.0,55,PUBLICIDADE POR MATERIAIS IMPRESSOS,0.2588,123,25.92,19.06
Federal,POMPEO DE MATTOS,DARCI POMPEO DE MATTOS,PDT,1212,Masculino,Branca,Eleito por QP,83934,2026-09-12,3000000.0,3000000.0,3000000.0,0.0,0.0,0.0,0.0,0.0,0.0,0.0,0.0,0.0,1,1354766.93,1315106.93,39660.0,1194343.93,0.4265,20000.0,1,20000.0,0.0,348970.0,348970.0,5500.0,382803.0,89,PUBLICIDADE POR MATERIAIS IMPRESSOS,0.4333,129,35.74,16.14
Federal,CARLOS GOMES,ANTONIO CARLOS GOMES DA SILVA,Republicanos,1010,Masculino,Parda,Eleito por média,82245,2026-09-12,2722000.0,2722000.0,1726928.99,995071.01,0.0,0.0,0.0,0.0,0.0,0.0,0.0,0.0,2,1048114.16,998114.16,50000.0,937336.56,0.33,0.0,0,50000.0,41977.6,0.0,41977.6,0.0,71977.6,10,PUBLICIDADE POR MATERIAIS IMPRESSOS,0.66,26,33.1,12.74
Federal,JUVIR COSTELLA,JUVIR COSTELLA,MDB,1520,Masculino,Branca,Eleito por QP,77933,2026-10-06,809137.0,480000.0,300000.0,180000.0,0.0,0.0,241137.0,88000.0,0.0,0.0,0.0,0.0,10,825634.31,825634.31,0.0,343297.69,0.2599,38077.34,6,38077.34,316000.0,0.0,316000.0,241213.08,318513.33,83,ATIVIDADES DE MILITÂNCIA E MOBILIZAÇÃO DE RUA,0.3827,98,10.38,10.59
Federal,BIBO NUNES,ALCIBIO MESQUITA BIBO NUNES,PL,2200,Masculino,Branca,Eleito por média,74207,2026-09-21,3170000.0,3170000.0,3170000.0,0.0,0.0,0.0,0.0,0.0,0.0,0.0,0.0,0.0,1,2262475.29,1897475.29,365000.0,1411098.29,0.7122,60000.0,3,60000.0,208675.0,234050.0,442725.0,225040.0,510265.0,211,PUBLICIDADE POR MATERIAIS IMPRESSOS,0.2204,231,42.72,30.49
Federal,PERONDI,MARCIANO PERONDI,PL,2201,Masculino,Branca,Eleito por média,73974,2026-09-30,1105000.0,1000000.0,1000000.0,0.0,0.0,0.0,98000.0,7000.0,0.0,0.0,0.0,11000.0,7,698328.73,698328.73,0.0,571785.95,0.2198,24000.0,4,24000.0,0.0,60292.0,60292.0,24000.0,143292.0,41,PUBLICIDADE POR MATERIAIS IMPRESSOS,0.6483,55,14.94,9.44
Federal,BUSATO,LUIZ CARLOS GHIORZZI BUSATO,União,4444,Masculino,Branca,Eleito por média,60127,2026-10-03,2147648.99,2069150.57,2053456.41,3694.16,12000.0,7379.5,68493.92,0.0,0.0,2625.0,0.0,55942.58,24,1985386.65,1871786.65,113600.0,1759491.2,0.625,0.0,0,105000.0,31000.0,0.0,31000.0,633447.34,628959.84,225,SERVIÇOS PRESTADOS POR TERCEIROS,0.3191,273,35.72,33.02
Federal,SERGIO ZAMBIASI,SERGIO PEDRO ZAMBIASI,Podemos,2007,Masculino,Branca,Eleito por QP,44929,2026-09-29,1075851.64,1068251.64,866965.0,201286.64,0.0,0.0,7600.0,0.0,0.0,0.0,0.0,206286.64,5,387927.93,367927.93,20000.0,355527.93,0.1221,131600.0,12,131600.0,4800.0,0.0,4800.0,49000.0,4800.0,1,DESPESA COM IMPULSIONAMENTO DE CONTEÚDOS,0.3392,12,23.95,8.63
Federal,VILMAR ZANCHIN,VILMAR PERIN ZANCHIN,MDB,1515,Masculino,Branca,Eleito por média,40406,2026-10-05,636652.19,532949.19,350000.0,182949.19,0.0,0.0,48203.0,55500.0,0.0,0.0,0.0,17949.19,19,604492.16,604492.16,0.0,20947.79,0.1903,20000.0,4,20000.0,179500.0,0.0,179500.0,110159.75,194100.0,32,PUBLICIDADE POR MATERIAIS IMPRESSOS,0.3383,53,15.76,14.96
Estadual,ADRI CHERINI,ADRIANE CERINI,PL,22222,Feminino,Branca,Eleito por QP,129492,2026-09-29,866000.0,610000.0,540000.0,70000.0,0.0,94000.0,162000.0,0.0,0.0,0.0,0.0,0.0,13,831745.98,831745.98,0.0,769795.98,0.6546,251000.0,6,251000.0,210680.0,63500.0,274180.0,0.0,283780.0,71,DESPESA COM IMPULSIONAMENTO DE CONTEÚDOS,0.3018,114,6.69,6.42
Estadual,DELEGADO ZUCCO,RODRIGO LORENZINI ZUCCO,Republicanos,10222,Masculino,Branca,Eleito por QP,128599,2026-10-05,837510.0,280000.0,250000.0,30000.0,0.0,284000.0,210000.0,63435.0,75.0,0.0,0.0,0.0,18,705198.68,665698.68,39500.0,610298.68,0.555,201882.5,48,201882.5,4000.0,0.0,4000.0,59300.0,41000.0,4,PUBLICIDADE POR MATERIAIS IMPRESSOS,0.3891,18,6.51,5.48
Estadual,LUCIANA GENRO,LUCIANA KREBS GENRO,PSOL,50000,Feminino,Branca,Eleito por QP,127601,2026-10-04,1219435.12,1191735.12,1095783.73,94951.39,1000.0,0.0,14700.0,13000.0,0.0,0.0,0.0,98151.39,12,981230.78,981230.78,0.0,981230.78,0.7722,223100.0,17,223100.0,573109.1,0.0,573109.1,39514.0,574199.1,192,ATIVIDADES DE MILITÂNCIA E MOBILIZAÇÃO DE RUA,0.5841,206,9.56,7.69
Estadual,PROFESSOR CLÁUDIO BRANCHIERI,CLAUDIO MAXIMILIANO BRANCHIERI,PL,22777,Masculino,Branca,Eleito por QP,123437,2026-09-24,1312036.63,1270000.0,1270000.0,0.0,0.0,14000.0,28000.0,0.0,0.0,0.0,36.63,0.0,8,1084354.37,1062854.37,21500.0,965425.37,0.8534,200000.0,3,200000.0,304735.0,108700.0,413435.0,84120.0,390785.0,140,ATIVIDADES DE MILITÂNCIA E MOBILIZAÇÃO DE RUA,0.281,170,10.63,8.78
Estadual,COMANDANTE NÁDIA,NADIA RODRIGUES SILVEIRA GERHARD,PL,22190,Feminino,Branca,Eleito por QP,111341,2026-09-27,1329821.12,1140000.0,1120000.0,20000.0,0.0,11720.0,176397.22,0.0,1703.9,0.0,0.0,74400.0,56,666270.25,625270.25,41000.0,313661.22,0.5244,0.0,0,5000.0,0.0,272125.0,272125.0,0.0,397125.0,61,DESPESAS COM PESSOAL,0.4084,82,11.94,5.98
Estadual,GUILHERME PASIN,GUILHERME RECH PASIN,PP,11333,Masculino,Branca,Eleito por QP,99470,2026-10-01,1261002.64,1196002.64,1196002.64,0.0,0.0,0.0,65000.0,0.0,0.0,0.0,0.0,0.0,9,419058.64,419058.64,0.0,376558.64,0.3298,5000.0,1,5000.0,15000.0,0.0,15000.0,112000.0,41000.0,16,PUBLICIDADE POR MATERIAIS IMPRESSOS,0.4678,47,12.68,4.21
Estadual,MATHEUS GOMES,MATHEUS PEREIRA GOMES,PSOL,50123,Masculino,Preta,Eleito por QP,98813,2026-10-03,1263340.14,1175735.14,1080783.73,94951.41,0.0,0.0,87550.0,0.0,55.0,0.0,0.0,96751.41,15,549430.69,549430.69,0.0,549430.69,0.4324,10000.0,2,10000.0,165005.0,0.0,165005.0,86531.92,199205.0,95,PUBLICIDADE POR MATERIAIS IMPRESSOS,0.4303,130,12.79,5.56
Estadual,LEONEL RADDE,LEONEL GUTERRES RADDE,PT,13007,Masculino,Branca,Eleito por QP,93787,2026-10-04,306913.8,250000.0,250000.0,0.0,0.0,0.0,46103.2,0.0,10810.6,0.0,0.0,14000.0,259,207840.0,207840.0,0.0,148678.0,0.1636,0.0,0,0.0,73541.9,0.0,73541.9,9700.0,103241.9,37,PUBLICIDADE POR MATERIAIS IMPRESSOS,0.4034,52,3.27,2.22
Estadual,JOEL WILHELM,JOEL LEANDRO WILHELM,PP,11000,Masculino,Branca,Eleito por QP,88572,2026-10-01,1195738.29,1034238.29,1034238.29,0.0,0.0,0.0,160500.0,1000.0,0.0,0.0,0.0,0.0,11,749253.32,749253.32,0.0,736738.32,0.5897,61500.0,3,61500.0,56843.0,0.0,56843.0,126712.0,148693.0,73,PUBLICIDADE POR MATERIAIS IMPRESSOS,0.4392,127,13.5,8.46
Estadual,PAPARICO BACCHI,EDERILDO PAPARICO BACCHI,PL,22212,Masculino,Branca,Eleito por QP,71922,2026-10-06,897007.43,790000.0,790000.0,0.0,0.0,15000.0,37000.0,55000.0,0.0,0.0,7.43,20000.0,9,966291.7,966291.7,0.0,877007.42,0.7605,97000.0,5,97000.0,0.0,175550.0,175550.0,31500.0,205200.0,42,PUBLICIDADE POR MATERIAIS IMPRESSOS,0.4665,82,12.47,13.44
Estadual,ROBERTO LUCCHESE,ROBERTO LUCCHESE,MDB,15386,Masculino,Branca,Eleito por QP,71720,2026-10-03,242260.0,0.0,0.0,0.0,0.0,0.0,152260.0,90000.0,0.0,0.0,0.0,2000.0,25,121118.0,121118.0,0.0,84266.0,0.0953,0.0,0,15000.0,0.0,0.0,0.0,0.0,0.0,0,PUBLICIDADE POR JORNAIS E REVISTAS,0.6392,8,3.38,1.69
Estadual,ADÃO PRETTO,ADÃO PRETTO FILHO,PT,13655,Masculino,Branca,Eleito por QP,68042,2026-10-06,345500.0,265500.0,265500.0,0.0,0.0,40000.0,40000.0,0.0,0.0,0.0,0.0,44500.0,10,301000.0,301000.0,0.0,301000.0,0.2369,10000.0,2,10000.0,49000.0,0.0,49000.0,85500.0,182500.0,31,SERVIÇOS PRESTADOS POR TERCEIROS,0.2841,51,5.08,4.42
Estadual,LUCIANO SILVEIRA,LUCIANO DA SILVA SILVEIRA,MDB,15000,Masculino,Branca,Eleito por QP,64235,2026-10-02,999000.0,650000.0,650000.0,0.0,0.0,0.0,334000.0,15000.0,0.0,0.0,0.0,0.0,8,223935.94,223935.94,0.0,195189.0,0.1762,69000.0,4,69000.0,0.0,0.0,0.0,17000.0,8431.5,2,PUBLICIDADE POR MATERIAIS IMPRESSOS,0.4702,10,15.55,3.49
Estadual,BETO FANTINEL,ROBERTO FANTINEL,MDB,15500,Masculino,Branca,Eleito por QP,61177,2026-10-01,501255.0,250000.0,250000.0,0.0,0.0,0.0,193555.0,50000.0,7700.0,0.0,0.0,0.0,89,457932.72,457932.72,0.0,187895.87,0.3604,80000.0,3,80000.0,2000.0,55000.0,57000.0,30946.45,59700.0,8,PUBLICIDADE POR MATERIAIS IMPRESSOS,0.5245,21,8.19,7.49
Estadual,DIRCEU FRANCISCON,DIRCEU FRANCISCON,União,44444,Masculino,Branca,Eleito por QP,60456,2026-10-03,440806.41,390334.16,386640.0,3694.16,0.0,47622.25,2850.0,0.0,0.0,0.0,0.0,21326.41,5,416944.51,416944.51,0.0,414159.73,0.3281,21200.0,3,21200.0,34880.0,10000.0,44880.0,4000.0,64880.0,22,PUBLICIDADE POR MATERIAIS IMPRESSOS,0.4113,62,7.29,6.9
Estadual,MARCUS VINÍCIUS,MARCUS VINÍCIUS VIEIRA DE ALMEIDA,PP,11211,Masculino,Branca,Eleito por QP,59574,2026-10-03,1001208.15,612702.13,562702.13,50000.0,0.0,40606.02,317900.0,30000.0,0.0,0.0,0.0,5000.0,34,719586.31,719586.31,0.0,484935.22,0.5663,3000.0,2,3000.0,0.0,382352.0,382352.0,0.0,442986.0,195,DESPESAS COM PESSOAL,0.5313,240,16.81,12.08
Estadual,PEPE VARGAS,GILBERTO JOSÉ SPIER VARGAS,PT,13001,Masculino,Branca,Eleito por QP,58532,2026-10-02,413450.0,265500.0,265500.0,0.0,0.0,74000.0,58590.0,10000.0,5360.0,0.0,0.0,39190.0,23,367948.68,367948.68,0.0,336471.43,0.2896,114000.0,9,114000.0,64156.0,0.0,64156.0,25300.0,66276.5,27,DESPESA COM IMPULSIONAMENTO DE CONTEÚDOS,0.3098,51,7.06,6.29
Estadual,KELLY MORAES,NEIVA TERESINHA MARQUES,PL,22214,Feminino,Branca,Eleito por QP,56436,2026-09-11,1270000.0,1270000.0,1270000.0,0.0,0.0,0.0,0.0,0.0,0.0,0.0,0.0,0.0,1,139006.36,139006.36,0.0,114806.36,0.1094,5000.0,1,15000.0,61350.0,41200.0,102550.0,0.0,112550.0,50,ATIVIDADES DE MILITÂNCIA E MOBILIZAÇÃO DE RUA,0.4413,59,22.5,2.46
Estadual,SCALCO,MAURICIO FERNANDO SCALCO,PL,22100,Masculino,Branca,Eleito por QP,55570,2026-09-13,1272500.0,1270000.0,1270000.0,0.0,0.0,0.0,0.0,2500.0,0.0,0.0,0.0,0.0,2,381809.43,381809.43,0.0,154010.43,0.3005,42500.0,3,42500.0,0.0,0.0,0.0,215960.0,141030.0,56,SERVIÇOS PRESTADOS POR TERCEIROS,0.5656,70,22.9,6.87
Estadual,DELEGADA NADINE,NADINE TAGLIARI FARIAS ANFLOR,PSD,55444,Feminino,Branca,Eleito por QP,55223,2026-10-02,1038570.0,900000.0,900000.0,0.0,0.0,60000.0,76570.0,0.0,0.0,2000.0,0.0,0.0,33,498512.5,498512.5,0.0,427012.5,0.3923,0.0,0,21500.0,95300.0,960.0,96260.0,8000.0,122580.0,55,DIVERSAS A ESPECIFICAR,0.5001,81,18.81,9.03
Estadual,RAMIRO ROSÁRIO,RAMIRO STALLBAUM ROSÁRIO,Novo,30000,Masculino,Branca,Eleito por QP,54903,2026-10-03,744895.74,411238.24,349000.0,62238.24,0.0,170452.5,163205.0,0.0,0.0,0.0,0.0,95690.74,62,445843.91,279343.91,166500.0,198120.2,0.3509,23600.0,7,23600.0,21358.68,0.0,21358.68,48636.97,68593.43,18,DOAÇÕES FINANCEIRAS A OUTROS CANDIDATOS/PARTIDOS,0.3734,41,13.57,8.12
Estadual,NATASHA,NATASHA NARCISO FERREIRA,PT,13100,Feminino,Branca,Eleito por QP,54027,2026-09-30,387843.29,370414.29,370414.29,0.0,0.0,0.0,6800.0,4949.0,5680.0,0.0,0.0,25449.0,7,279083.85,279083.85,0.0,259460.85,0.2196,90000.0,3,90000.0,41413.0,9000.0,50413.0,7770.0,50413.0,23,DESPESA COM IMPULSIONAMENTO DE CONTEÚDOS,0.3225,35,7.18,5.17
Estadual,SERGIO PERES,SERGIO PERES ALOS,Republicanos,10300,Masculino,Branca,Eleito por QP,52879,2026-09-29,581561.5,377239.0,250000.0,127239.0,0.0,142377.5,61945.0,0.0,0.0,0.0,0.0,247431.5,11,199380.26,199380.26,0.0,199380.26,0.1569,0.0,0,19750.0,108000.0,0.0,108000.0,0.0,124700.0,48,ATIVIDADES DE MILITÂNCIA E MOBILIZAÇÃO DE RUA,0.5417,70,11.0,3.77
Estadual,GIO KRUG,GIORDANI KRUG CAMPOS RAMOS,PSD,55190,Masculino,Parda,Eleito por QP,49844,2026-10-03,150521.3,150521.3,146000.0,4521.3,0.0,0.0,0.0,0.0,0.0,0.0,0.0,4521.3,3,136995.8,136995.8,0.0,136995.8,0.1078,0.0,0,0.0,21500.0,5000.0,26500.0,0.0,44500.0,10,PUBLICIDADE POR MATERIAIS IMPRESSOS,0.5827,28,3.02,2.75
Estadual,JEFERSON FERNANDES,JEFERSON OLIVEIRA FERNANDES,PT,13120,Masculino,Branca,Eleito por QP,49047,2026-10-02,501300.0,265500.0,265500.0,0.0,0.0,82500.0,111100.0,38000.0,4200.0,0.0,0.0,46500.0,72,377284.98,377284.98,0.0,316348.48,0.2969,45000.0,12,45000.0,183858.0,52440.0,236298.0,5083.0,259198.0,107,ATIVIDADES DE MILITÂNCIA E MOBILIZAÇÃO DE RUA,0.4873,129,10.22,7.69
Estadual,HALLEY,HALLEY LINO DE SOUZA,PT,13111,Masculino,Branca,Eleito por QP,47138,2026-10-04,605719.08,265500.0,265500.0,0.0,0.0,13675.0,300544.08,26000.0,0.0,0.0,0.0,130134.57,74,477144.77,468144.77,9000.0,465477.47,0.3755,30435.0,9,30435.0,185743.5,77956.0,263699.5,44000.0,279149.5,70,ATIVIDADES DE MILITÂNCIA E MOBILIZAÇÃO DE RUA,0.3893,85,12.85,10.12
Estadual,RAFAEL BRAGA,RAFAEL BRAGA LIBRELOTTO,MDB,15015,Masculino,Branca,Eleito por QP,46718,2026-10-02,298784.19,65984.19,20000.0,45984.19,0.0,0.0,184800.0,48000.0,0.0,0.0,0.0,5984.19,27,277194.95,277194.95,0.0,277194.95,0.2182,19830.0,6,16830.0,108049.95,0.0,108049.95,0.0,108049.95,28,PUBLICIDADE POR MATERIAIS IMPRESSOS,0.4375,40,6.4,5.93
Estadual,RONIZE DAMASSINI,RONIZE ANTONIA DAMASSINI,PP,11123,Feminino,Branca,Eleito por QP,46061,2026-10-05,912342.83,912342.83,912342.83,0.0,0.0,0.0,0.0,0.0,0.0,0.0,0.0,0.0,1,468101.29,468101.29,0.0,443651.29,0.3684,0.0,0,0.0,212000.0,21500.0,233500.0,23900.0,260200.0,119,ATIVIDADES DE MILITÂNCIA E MOBILIZAÇÃO DE RUA,0.4529,142,19.81,10.16
Estadual,LUÍS FERNANDO PIRES,LUÍS FERNANDO CAVALHEIRO PIRES,PP,11522,Masculino,Branca,Eleito por QP,45172,2026-10-03,576751.76,300000.0,300000.0,0.0,0.0,0.0,265751.76,11000.0,0.0,0.0,0.0,0.0,38,447593.58,447593.58,0.0,386883.58,0.3523,6000.0,3,6000.0,109580.0,22600.0,132180.0,0.0,136180.0,55,DIVERSAS A ESPECIFICAR,0.2681,79,12.77,9.91
Estadual,DELEGADA ANA TAROUCO,ANA LUIZA MOURA TAROUCO,PSD,55222,Feminino,Branca,Eleito por QP,44474,2026-10-01,975500.0,900000.0,900000.0,0.0,0.0,50000.0,25500.0,0.0,0.0,0.0,0.0,0.0,9,362313.82,362313.82,0.0,362313.82,0.2851,0.0,0,11000.0,103670.0,0.0,103670.0,54850.0,103670.0,128,PUBLICIDADE POR MATERIAIS IMPRESSOS,0.4227,140,21.93,8.15
Estadual,NICOLE WEBER COVATTI,NICOLE GARSKE WEBER COVATTI,PP,11011,Feminino,Branca,Eleito por QP,43239,2026-09-10,1270000.0,1265000.0,1265000.0,0.0,0.0,0.0,0.0,5000.0,0.0,0.0,0.0,0.0,2,493960.35,493960.35,0.0,493960.35,0.3888,55000.0,2,105000.0,91250.0,0.0,91250.0,0.0,91250.0,124,PUBLICIDADE POR MATERIAIS IMPRESSOS,0.2894,150,29.37,11.42
Estadual,DIMAS COSTA,DIMAS SOUZA DA COSTA,PSD,55456,Masculino,Branca,Eleito por QP,42677,2026-10-02,537500.0,367200.0,360000.0,7200.0,0.0,80000.0,90300.0,0.0,0.0,0.0,0.0,11200.0,20,346948.12,346948.12,0.0,241508.0,0.2731,75000.0,7,75000.0,0.0,0.0,0.0,52000.0,7500.0,2,PUBLICIDADE POR MATERIAIS IMPRESSOS,0.4809,16,12.59,8.13
Estadual,KAREN SANTOS,KAREN MORAIS DOS SANTOS,PSOL,50555,Feminino,Preta,Eleito por média,40998,2026-10-06,830290.69,714270.74,653847.11,60423.63,0.0,0.0,110849.95,3000.0,2170.0,0.0,0.0,60423.63,26,496327.03,496327.03,0.0,341677.03,0.3906,48000.0,1,48000.0,249215.0,0.0,249215.0,99605.0,320195.0,110,ATIVIDADES DE MILITÂNCIA E MOBILIZAÇÃO DE RUA,0.5021,121,20.25,12.11
Estadual,SALMO,SALMO DIAS DE OLIVEIRA,PP,11999,Masculino,Branca,Eleito por média,40703,2026-10-06,296750.0,200000.0,200000.0,0.0,0.0,0.0,26750.0,70000.0,0.0,0.0,0.0,0.0,8,286601.6,286601.6,0.0,28826.21,0.2256,3000.0,1,3000.0,0.0,0.0,0.0,0.0,0.0,0,PUBLICIDADE POR MATERIAIS IMPRESSOS,0.6703,46,7.29,7.04
Estadual,CLÁUDIO TATSCH,CLÁUDIO GILNEI TATSCH,PL,22034,Masculino,Branca,Eleito por QP,40652,2026-09-29,562300.0,500000.0,500000.0,0.0,0.0,40000.0,22300.0,0.0,0.0,0.0,0.0,0.0,6,430401.35,430401.35,0.0,367211.81,0.3387,23300.0,10,23300.0,89220.88,0.0,89220.88,37000.0,71160.88,29,PUBLICIDADE POR MATERIAIS IMPRESSOS,0.334,54,13.83,10.59
Estadual,HUMBERTO MATOS,HUMBERTO MATOS DE OLIVEIRA,PCdoB,65065,Masculino,Branca,Eleito por QP,40122,2026-10-05,511455.57,230000.0,230000.0,0.0,0.0,24547.5,16050.0,0.0,240858.07,0.0,0.0,37417.5,14,460509.64,460509.64,0.0,439007.85,0.3624,81000.0,9,81000.0,145282.0,0.0,145282.0,114130.0,233342.0,67,ATIVIDADES DE MILITÂNCIA E MOBILIZAÇÃO DE RUA,0.3155,127,12.75,11.48
Estadual,EDUARDO LOUREIRO,EDUARDO DEBACCO LOUREIRO,PDT,12412,Masculino,Branca,Eleito por QP,39890,2026-10-02,634000.0,250000.0,250000.0,0.0,0.0,290000.0,90500.0,3500.0,0.0,0.0,0.0,3500.0,7,632888.51,632888.51,0.0,373205.57,0.4981,4300.0,5,4300.0,0.0,486000.0,486000.0,3000.0,520800.0,118,DESPESAS COM PESSOAL,0.7679,147,15.89,15.87
Estadual,RONALDO SANTINI,RONALDO SANTINI,Podemos,20500,Masculino,Branca,Eleito por QP,39373,2026-10-01,687768.33,571768.33,496740.0,75028.33,0.0,45000.0,53000.0,18000.0,0.0,0.0,0.0,101028.33,12,182449.18,182449.18,0.0,141091.96,0.1436,20000.0,3,20000.0,54350.0,0.0,54350.0,0.0,59850.0,33,PUBLICIDADE POR MATERIAIS IMPRESSOS,0.4258,41,17.47,4.63
Estadual,BRUNA MOLZ,BRUNA JEANINE MOLZ NOAL,Podemos,20510,Feminino,Branca,Eleito por QP,38772,2026-09-13,708760.29,662260.29,662034.0,226.29,0.0,0.0,40000.0,6500.0,0.0,0.0,0.0,226.29,4,102178.08,102178.08,0.0,78863.2,0.0804,21500.0,3,21500.0,24500.0,0.0,24500.0,19748.55,40428.55,10,ATIVIDADES DE MILITÂNCIA E MOBILIZAÇÃO DE RUA,0.2398,19,18.28,2.64
Estadual,ZÉ NUNES,JOSE SIDNEY NUNES DE ALMEIDA,PT,13500,Masculino,Branca,Eleito por QP,38726,2026-10-01,507003.13,265500.0,265500.0,0.0,0.0,96603.0,101900.13,33000.0,0.0,10000.0,0.0,25553.0,41,466755.22,466755.22,0.0,435122.09,0.3673,46000.0,9,46000.0,46095.0,6000.0,52095.0,2340.0,83003.97,33,PUBLICIDADE POR MATERIAIS IMPRESSOS,0.4186,71,13.09,12.05
Estadual,CAPITÃO MARTIM,MARTIM TODESCO ADREANI,Republicanos,10122,Masculino,Branca,Eleito por QP,37589,2026-10-01,489850.0,270000.0,250000.0,20000.0,0.0,0.0,95850.0,124000.0,0.0,0.0,0.0,17400.0,18,391814.0,391814.0,0.0,391814.0,0.3084,20000.0,1,230000.0,0.0,0.0,0.0,0.0,0.0,0,DESPESA COM IMPULSIONAMENTO DE CONTEÚDOS,0.587,6,13.03,10.42
Estadual,SOFIA CAVEDON,SOFIA CAVEDON NUNES,PT,13400,Feminino,Branca,Eleito por média,37165,2026-10-02,843560.0,625500.0,625500.0,0.0,0.0,78000.0,69460.0,70600.0,0.0,0.0,0.0,30100.0,89,788680.31,786980.31,1700.0,744402.89,0.6207,45000.0,6,45000.0,348409.0,12251.0,360660.0,0.0,419525.62,134,ATIVIDADES DE MILITÂNCIA E MOBILIZAÇÃO DE RUA,0.4418,163,22.7,21.22
Estadual,EDIVILSON BRUM,EDIVILSON MEURER BRUM,MDB,15200,Masculino,Branca,Eleito por QP,36864,2026-10-06,507855.28,23770.19,20000.0,3770.19,0.0,20000.0,450185.09,13900.0,0.0,0.0,0.0,3770.19,75,137648.28,137648.28,0.0,105038.28,0.1083,8000.0,4,14000.0,0.0,0.0,0.0,15104.95,11178.33,2,PUBLICIDADE POR MATERIAIS IMPRESSOS,0.5464,18,13.78,3.73
Estadual,MARCELO ARRUDA,MARCELO ARRUDA,PSD,55755,Masculino,Branca,Eleito por QP,36804,2026-10-04,463542.3,256921.3,250000.0,6921.3,0.0,70000.0,16621.0,120000.0,0.0,0.0,0.0,8542.3,8,282356.86,282356.86,0.0,170787.61,0.2222,3500.0,2,3500.0,19494.5,0.0,19494.5,0.0,19494.5,11,PUBLICIDADE POR MATERIAIS IMPRESSOS,0.5619,32,12.59,7.67
Estadual,MIGUEL ROSSETTO,MIGUEL SOLDATELLI ROSSETTO,PT,13000,Masculino,Branca,Eleito por média,35913,2026-10-03,543048.26,265500.0,265500.0,0.0,0.0,55000.0,218478.26,0.0,4070.0,0.0,0.0,15500.0,132,347550.01,347550.01,0.0,271860.01,0.2735,35000.0,5,40000.0,130235.0,45400.0,175635.0,16580.0,190575.0,69,ATIVIDADES DE MILITÂNCIA E MOBILIZAÇÃO DE RUA,0.3747,91,15.12,9.68
Estadual,ELIZANDRO SABINO,ELIZANDRO SILVA DE FREITAS SABINO,Republicanos,10777,Masculino,Branca,Eleito por QP,35727,2026-09-30,554500.0,280000.0,250000.0,30000.0,0.0,250000.0,24500.0,0.0,0.0,0.0,0.0,0.0,6,486613.6,486613.6,0.0,445963.6,0.383,2500.0,2,2500.0,356200.0,0.0,356200.0,0.0,365757.0,100,ATIVIDADES DE MILITÂNCIA E MOBILIZAÇÃO DE RUA,0.732,110,15.52,13.62
Estadual,VANICE DE MATOS,VANICE HELENA ANDRADE DE MATOS,PL,22215,Feminino,Branca,Eleito por QP,35428,2026-10-06,594500.0,450000.0,450000.0,0.0,0.0,60000.0,84000.0,500.0,0.0,0.0,0.0,0.0,9,469551.24,469551.24,0.0,242522.4,0.3695,18500.0,7,18500.0,212900.0,0.0,212900.0,112000.0,387955.0,100,ATIVIDADES DE MILITÂNCIA E MOBILIZAÇÃO DE RUA,0.4534,111,16.78,13.25
Estadual,DAIANE MELLO,DAIANE MELLO,PL,22522,Feminino,Branca,Eleito por QP,32158,2026-09-13,316900.0,300000.0,300000.0,0.0,0.0,0.0,16900.0,0.0,0.0,0.0,0.0,16900.0,7,34392.0,34392.0,0.0,30892.0,0.0271,10000.0,1,10000.0,0.0,0.0,0.0,4880.0,0.0,0,PUBLICIDADE POR MATERIAIS IMPRESSOS,0.4524,9,9.85,1.07
Estadual,DIEGO PICUCHA,DIEGO DAL PIVA DA LUZ,PDT,12900,Masculino,Branca,Eleito por QP,32004,2026-10-05,421600.0,100000.0,100000.0,0.0,0.0,200000.0,121600.0,0.0,0.0,0.0,0.0,13000.0,21,467878.0,467878.0,0.0,371778.0,0.3682,46500.0,9,46500.0,6180.0,0.0,6180.0,20000.0,29180.0,15,PUBLICIDADE POR MATERIAIS IMPRESSOS,0.6346,31,13.17,14.62
Estadual,TIAGO CADÓ,TIAGO CADO FERNANDES,PDT,12000,Masculino,Branca,Eleito por QP,31162,2026-10-02,417500.0,250000.0,250000.0,0.0,0.0,40000.0,125500.0,2000.0,0.0,0.0,0.0,1500.0,27,360090.34,360090.34,0.0,160999.54,0.2834,1500.0,3,26799.0,115850.0,0.0,115850.0,0.0,166868.0,69,PUBLICIDADE POR MATERIAIS IMPRESSOS,0.3687,81,13.4,11.56
Estadual,GILMAR SOSSELLA,GILMAR SOSSELLA,PDT,12333,Masculino,Branca,Eleito por média,29432,2026-10-06,592545.63,285000.0,285000.0,0.0,0.0,80000.0,182545.63,45000.0,0.0,0.0,0.0,0.0,23,588762.22,588762.22,0.0,540851.02,0.4634,5239.04,3,5239.04,0.0,490000.0,490000.0,0.0,496700.0,184,DESPESAS COM PESSOAL,0.8323,197,20.13,20.0
Estadual,JUNIOR FOX,CARLOS ALBERTO MILGAREJO PEREIRA JUNIOR,PL,22011,Masculino,Branca,Eleito por QP,26463,2026-10-05,281825.0,200000.0,200000.0,0.0,0.0,0.0,81825.0,0.0,0.0,0.0,0.0,6125.0,8,191829.01,191829.01,0.0,151681.37,0.151,10000.0,1,10000.0,0.0,56648.0,56648.0,0.0,108648.0,58,DESPESAS COM PESSOAL,0.2953,66,10.65,7.25
Estadual,ADRIANA LARA,ADRIANA VIEIRA LARA,PL,22789,Feminino,Branca,Eleito por média,26129,2026-10-03,1190000.0,1140000.0,1140000.0,0.0,0.0,0.0,6850.0,43150.0,0.0,0.0,0.0,5600.0,7,1179612.45,1179612.45,0.0,1177472.45,0.9284,44000.0,4,44000.0,755649.02,0.0,755649.02,20000.0,772649.02,222,ATIVIDADES DE MILITÂNCIA E MOBILIZAÇÃO DE RUA,0.6406,240,45.54,45.15
Estadual,ALI KLEMT,ALINE LEAL FONTANELLA KLEMT,PL,22800,Feminino,Branca,Eleito por média,24733,2026-09-13,527500.0,450000.0,450000.0,0.0,0.0,0.0,77500.0,0.0,0.0,0.0,0.0,0.0,116,316961.4,316961.4,0.0,276061.4,0.2495,0.0,0,0.0,0.0,0.0,0.0,306000.0,0.0,0,SERVIÇOS PRESTADOS POR TERCEIROS,0.9654,4,21.33,12.82
Estadual,MOISÉS BARBOZA,MOISES DA SILVA BARBOZA,PSDB,45900,Masculino,Branca,Eleito por QP,21615,2026-10-05,363560.0,300000.0,300000.0,0.0,0.0,0.0,57800.0,5000.0,760.0,0.0,0.0,0.0,38,77259.8,77259.8,0.0,75459.8,0.0608,36000.0,3,36000.0,0.0,0.0,0.0,0.0,0.0,0,DESPESA COM IMPULSIONAMENTO DE CONTEÚDOS,0.466,5,16.82,3.57
